record_id,movie_id,city,country,year,month,total_views,total_watch_minutes,rewatch_count,estimated_revenue_usd,avg_rating,num_reviews,engagement_score
1,2,Dubai,UAE,2025,2,2,212,2,6.01,,0,54.9
2,22,Toronto,Canada,2024,11,5,439,1,13.43,3.83,3,29.9
3,3,London,UK,2024,12,5,617,1,12.71,4.25,2,33.5
4,11,Kolkata,India,2025,2,11,1065,3,32.89,4.3,5,35.5
5,2,Delhi,India,2025,3,6,613,2,19.65,4.38,4,35.6
6,1,Los Angeles,USA,2025,1,31,3152,3,115.29,4.29,7,41.2
7,4,Pune,India,2025,2,11,843,1,32.94,4.25,2,28.4
8,25,Mumbai,India,2024,11,5,524,0,15.64,,0,25.3
9,23,Delhi,India,2025,2,12,923,2,34.66,3.83,3,30.8
10,11,Los Angeles,USA,2025,4,19,1722,5,68.37,4.3,5,36.9
11,1,London,UK,2025,1,33,3414,3,118.28,4.59,11,42.2
12,2,Kolkata,India,2025,3,4,336,0,13.94,4.25,2,20.7
13,25,Delhi,India,2024,9,4,387,2,14.23,4.0,2,38.1
14,21,Bengaluru,India,2025,4,57,6536,6,155.12,4.4,21,48.2
15,18,New York,USA,2024,12,7,766,1,17.56,3.25,2,30.2
16,3,Chicago,USA,2025,2,7,700,0,18.56,4.17,3,23.5
17,1,Mumbai,India,2025,4,25,2590,4,84.51,4.57,7,41.1
18,9,Chicago,USA,2025,4,35,3481,6,111.8,4.31,8,40.8
19,5,Hyderabad,India,2025,4,3,258,1,8.36,4.33,3,32.3
20,5,Los Angeles,USA,2024,9,5,434,2,12.07,5.0,1,35.3
21,11,Hyderabad,India,2025,3,9,753,2,26.86,4.17,6,30.0
22,1,Mumbai,India,2025,3,34,3477,5,119.12,4.55,11,44.0
23,5,Ahmedabad,India,2025,4,5,498,0,17.23,4.5,1,26.5
24,22,Chennai,India,2025,3,10,819,1,35.9,3.75,2,27.5
25,4,New York,USA,2025,3,24,1818,2,55.8,4.17,9,33.1
26,8,Ahmedabad,India,2025,3,5,267,0,8.64,2.5,3,20.2
27,10,Los Angeles,USA,2024,12,5,425,1,14.91,3.67,3,30.2
28,4,Bengaluru,India,2025,4,19,1687,2,58.96,4.1,10,35.4
29,13,Chennai,India,2025,3,14,1291,3,51.13,4.21,7,31.8
30,21,Singapore,Singapore,2025,3,4,541,2,10.34,4.5,2,42.8
31,24,Chicago,USA,2025,1,3,223,1,7.42,3.25,2,32.4
32,7,Chennai,India,2025,1,9,376,3,12.74,2.5,6,27.5
33,15,Chennai,India,2025,3,22,1830,3,50.34,3.88,8,33.9
34,21,Mumbai,India,2025,4,63,7202,16,171.7,4.16,28,54.9
35,11,Houston,USA,2025,2,13,1174,3,38.44,3.8,5,33.5
36,3,Pune,India,2025,4,9,898,1,22.45,4.33,3,27.6
37,22,Chicago,USA,2025,3,4,302,0,13.46,3.5,1,20.5
38,15,Los Angeles,USA,2025,3,19,1590,5,55.74,3.33,6,36.6
39,15,Chennai,India,2025,4,15,1440,2,44.59,3.5,7,34.2
40,19,Delhi,India,2025,4,95,8979,6,260.74,4.04,39,62.6
41,1,Toronto,Canada,2025,3,14,1418,5,47.65,4.5,2,42.1
42,24,Sydney,Australia,2024,12,3,244,1,5.99,3.5,1,34.4
43,23,Kolkata,India,2025,4,8,685,2,18.25,3.5,3,34.1
44,23,Hyderabad,India,2025,3,17,1380,1,38.44,3.86,7,30.7
45,24,Bengaluru,India,2025,3,13,984,2,24.65,3.42,6,31.4
46,6,Toronto,Canada,2025,3,5,192,0,8.77,2.75,2,14.1
47,2,Sydney,Australia,2025,3,3,253,0,8.15,4.0,1,20.4
48,1,Chicago,USA,2025,1,29,2951,3,107.11,4.5,7,40.6
49,2,Chennai,India,2025,2,4,405,2,14.04,3.5,2,39.6
50,1,Bengaluru,India,2025,1,36,3849,9,94.81,4.54,14,49.1
51,14,New York,USA,2024,7,6,546,2,16.34,3.75,2,33.4
52,4,Toronto,Canada,2025,3,9,634,1,20.03,3.33,3,26.5
53,14,Kolkata,India,2025,2,2,202,0,6.83,,0,24.1
54,9,Toronto,Canada,2025,4,16,1498,3,49.02,4.57,7,32.4
55,1,Chennai,India,2025,2,13,1344,2,40.31,4.5,6,36.1
56,5,Toronto,Canada,2025,4,4,347,1,12.62,,0,30.4
57,12,London,UK,2025,3,7,524,2,14.45,4.0,5,33.4
58,5,Los Angeles,USA,2024,10,4,345,0,9.99,,0,22.8
59,25,Delhi,India,2025,2,4,435,0,13.32,3.5,1,25.8
60,3,Chicago,USA,2025,1,5,582,2,15.63,4.25,2,38.1
61,9,Ahmedabad,India,2025,4,16,1528,1,47.22,4.4,5,29.0
62,9,Houston,USA,2025,4,35,3087,3,95.63,4.43,14,35.7
63,1,Toronto,Canada,2025,1,13,1366,2,36.92,4.38,4,36.5
64,10,Toronto,Canada,2024,8,3,270,0,7.06,3.67,3,24.7
65,18,Mumbai,India,2025,1,10,1083,1,30.95,3.67,3,29.9
66,24,Chicago,USA,2025,3,6,401,3,15.0,3.5,2,36.5
67,10,Mumbai,India,2024,11,5,459,0,13.68,3.75,2,25.9
68,11,Pune,India,2025,4,11,1114,3,35.72,4.5,2,36.5
69,13,London,UK,2025,4,34,3338,6,118.18,3.92,12,39.9
70,9,Delhi,India,2025,4,59,6143,6,140.23,4.34,25,49.3
71,1,Mumbai,India,2025,2,41,4195,6,124.25,4.65,13,46.8
72,5,Manchester,UK,2024,9,4,327,1,12.16,4.25,2,29.2
73,11,Toronto,Canada,2025,3,10,1031,1,30.45,3.75,4,31.4
74,2,Toronto,Canada,2025,2,4,497,0,14.33,3.5,2,29.8
75,13,Mumbai,India,2025,4,53,5551,5,188.21,4.28,20,46.5
76,15,Singapore,Singapore,2025,3,11,985,2,29.07,3.8,5,32.4
77,16,Kolkata,India,2025,4,6,463,0,11.07,3.12,4,26.0
78,23,Chicago,USA,2025,4,14,1102,4,38.96,3.9,5,35.6
79,7,London,UK,2025,1,6,210,2,10.36,3.25,2,24.1
80,13,Kolkata,India,2025,4,34,3376,5,113.02,4.12,13,39.3
81,19,Hyderabad,India,2025,4,35,3251,6,94.19,4.05,11,41.4
82,18,Sydney,Australia,2024,12,3,314,0,8.39,4.0,1,23.3
83,6,Bengaluru,India,2025,4,13,621,3,18.69,3.06,9,27.2
84,10,Bengaluru,India,2025,3,2,230,0,5.38,3.5,1,30.8
85,9,Melbourne,Australia,2025,4,18,1896,1,44.05,3.89,9,31.8
86,21,Pune,India,2025,4,37,4306,8,87.19,4.38,17,43.8
87,12,Singapore,Singapore,2025,3,2,146,0,4.85,4.0,1,22.3
88,18,Los Angeles,USA,2024,10,7,738,1,20.25,3.88,4,29.4
89,22,Hyderabad,India,2025,1,5,472,2,15.54,3.83,3,37.6
90,3,New York,USA,2025,2,11,1148,1,36.29,4.3,5,28.7
91,22,Bengaluru,India,2025,2,9,738,3,22.04,3.62,4,34.1
92,8,Mumbai,India,2025,3,19,898,5,27.08,2.75,6,31.6
93,10,Chennai,India,2024,7,2,119,1,5.98,3.0,1,31.3
94,1,Ahmedabad,India,2025,2,10,1017,1,31.57,4.83,3,32.9
95,22,Houston,USA,2025,1,7,618,3,18.61,3.67,3,37.7
96,3,Kolkata,India,2025,1,4,380,1,11.93,4.25,2,28.8
97,25,Bengaluru,India,2024,7,5,401,0,15.49,4.0,4,19.8
98,4,Delhi,India,2025,3,17,1318,3,45.67,3.83,6,33.6
99,14,Houston,USA,2024,9,3,333,0,10.52,4.0,1,26.8
100,18,Bengaluru,India,2024,10,6,629,0,19.53,3.75,2,24.5
101,14,Pune,India,2024,11,4,325,1,10.49,3.0,1,27.9
102,7,Bengaluru,India,2024,12,8,363,2,11.33,3.12,4,25.8
103,11,Los Angeles,USA,2025,2,13,1247,2,39.2,4.0,3,32.5
104,21,Toronto,Canada,2025,4,16,1765,1,53.1,4.42,6,29.6
105,25,Houston,USA,2025,3,4,374,1,12.35,3.5,2,29.9
106,2,Chicago,USA,2025,3,2,190,1,5.97,,0,37.4
107,25,Manchester,UK,2025,2,2,183,0,6.49,4.0,1,21.1
108,1,Chicago,USA,2025,4,8,884,2,24.53,4.25,4,38.8
109,22,Delhi,India,2024,12,10,889,1,24.63,3.17,3,29.2
110,14,Chicago,USA,2024,12,3,251,1,10.68,4.0,1,30.5
111,4,Mumbai,India,2025,2,10,809,2,26.7,,0,32.5
112,15,Delhi,India,2025,4,29,2848,5,82.58,3.71,12,41.5
113,19,Chennai,India,2025,4,37,3605,5,120.01,4.29,12,42.2
114,23,Melbourne,Australia,2025,4,11,945,4,26.85,4.0,6,38.7
115,7,Chicago,USA,2025,1,7,307,2,11.28,2.4,5,26.0
116,12,Delhi,India,2024,11,10,802,1,25.57,3.75,4,30.6
117,22,London,UK,2024,12,6,585,3,19.05,3.88,4,41.8
118,19,New York,USA,2025,4,61,5809,7,157.0,4.25,26,50.7
119,15,Manchester,UK,2025,4,8,723,2,21.59,4.17,6,33.5
120,15,Sydney,Australia,2025,4,3,270,0,9.17,4.0,3,23.9
121,1,Ahmedabad,India,2025,4,12,1237,2,38.34,4.6,5,36.0
122,22,Chennai,India,2025,1,6,516,1,15.16,,0,28.9
123,20,New York,USA,2024,9,10,456,0,13.08,2.38,4,18.9
124,15,Melbourne,Australia,2025,4,14,1209,2,30.41,3.56,9,31.7
125,15,Pune,India,2025,3,12,1048,2,35.0,4.1,5,31.8
126,9,Chennai,India,2025,4,43,4405,10,101.17,4.23,15,46.4
127,2,Chicago,USA,2024,12,6,558,1,21.5,4.25,2,28.5
128,11,Delhi,India,2025,3,23,2241,2,68.65,4.31,8,34.8
129,13,Hyderabad,India,2025,4,28,2747,3,84.52,4.27,11,35.4
130,4,Kolkata,India,2025,3,17,1346,4,38.38,4.39,9,35.9
131,12,Ahmedabad,India,2025,3,3,210,0,7.5,3.25,2,21.8
132,4,Dubai,UAE,2025,2,4,297,1,8.82,,0,29.7
133,6,Manchester,UK,2025,4,5,269,1,7.33,2.67,3,25.0
134,15,Bengaluru,India,2025,3,21,1879,5,56.84,3.92,12,38.1
135,9,Sydney,Australia,2025,4,36,3472,6,92.33,4.35,13,40.4
136,4,Los Angeles,USA,2025,2,3,274,1,9.15,4.5,1,36.6
137,19,Los Angeles,USA,2025,4,57,5326,5,180.24,4.08,20,47.9
138,1,Delhi,India,2025,3,34,3441,7,112.11,4.62,12,45.5
139,9,Mumbai,India,2025,4,83,8545,12,192.74,4.19,26,59.9
140,23,Mumbai,India,2025,4,23,1797,5,66.66,4.19,8,37.0
141,19,London,UK,2025,4,52,4764,6,158.09,4.05,19,46.2
142,4,Kolkata,India,2025,4,17,1208,2,52.09,4.45,10,30.1
143,21,Hyderabad,India,2025,4,31,3526,9,92.33,4.14,14,43.1
144,4,Sydney,Australia,2025,4,10,840,1,24.39,3.75,4,30.3
145,8,Dubai,UAE,2025,3,3,127,0,4.19,2.25,2,15.6
146,13,Los Angeles,USA,2025,3,17,1801,2,45.88,4.07,7,33.0
147,1,Singapore,Singapore,2025,2,8,882,2,29.41,4.75,2,38.7
148,24,Kolkata,India,2025,2,4,352,1,7.35,3.0,1,34.2
149,7,Kolkata,India,2024,12,9,410,1,15.59,3.5,2,22.1
150,6,Kolkata,India,2025,3,8,387,0,13.42,2.62,4,18.5
151,2,Hyderabad,India,2024,10,3,319,0,9.45,3.5,1,25.4
152,17,Ahmedabad,India,2025,3,3,163,0,4.34,4.0,1,20.4
153,19,Singapore,Singapore,2025,4,25,2283,6,80.13,4.4,10,39.1
154,24,Mumbai,India,2025,3,9,704,3,23.45,4.0,1,35.9
155,18,Pune,India,2024,12,3,332,0,7.19,3.25,2,24.6
156,17,Delhi,India,2025,4,4,255,1,7.53,5.0,1,31.6
157,22,Los Angeles,USA,2024,12,4,387,0,13.78,3.5,2,25.8
158,5,London,UK,2025,1,8,693,2,21.1,3.83,6,32.0
159,17,New York,USA,2025,3,8,595,2,16.22,4.0,3,37.0
160,13,Chicago,USA,2025,4,28,3093,7,86.53,4.07,7,42.4
161,11,Bengaluru,India,2025,4,20,1826,5,59.33,4.05,11,37.1
162,9,Singapore,Singapore,2025,4,27,2788,7,85.05,4.12,8,41.0
163,16,Manchester,UK,2025,4,2,164,1,4.29,,0,40.9
164,24,Chicago,USA,2025,4,7,537,1,14.66,3.67,3,29.0
165,23,New York,USA,2025,4,20,1676,2,51.83,4.1,10,33.9
166,16,Delhi,India,2025,3,6,446,1,15.07,3.3,5,30.2
167,25,New York,USA,2024,8,7,751,1,25.45,3.79,7,30.9
168,2,Pune,India,2025,4,2,217,0,7.65,4.0,1,25.5
169,9,New York,USA,2025,4,53,5159,8,156.4,4.38,24,46.9
170,13,Dubai,UAE,2025,4,15,1573,2,41.83,3.62,4,32.5
171,3,Los Angeles,USA,2025,3,5,568,1,12.92,4.0,1,31.5
172,5,Kolkata,India,2024,10,4,373,0,12.29,4.0,3,24.5
173,5,Pune,India,2025,3,6,542,0,20.56,4.0,4,24.6
174,18,Chicago,USA,2024,12,3,341,0,9.46,3.5,1,25.2
175,1,Melbourne,Australia,2025,3,14,1430,0,53.13,3.88,4,31.6
176,3,Sydney,Australia,2025,3,4,425,1,11.05,4.5,1,31.1
177,5,Mumbai,India,2024,12,11,961,3,33.62,3.83,3,34.1
178,5,Pune,India,2024,12,4,414,0,11.5,3.5,2,27.1
179,23,Mumbai,India,2025,3,34,2862,8,95.0,3.95,11,43.6
180,13,Delhi,India,2025,3,17,1677,2,60.56,4.5,5,31.5
181,5,Los Angeles,USA,2025,1,8,660,1,20.24,4.5,2,27.2
182,14,Chennai,India,2024,6,3,258,0,8.04,4.5,1,21.0
183,16,Singapore,Singapore,2024,11,4,245,1,9.05,3.5,1,27.9
184,22,New York,USA,2025,1,11,926,2,26.86,3.67,6,30.9
185,3,Delhi,India,2025,1,12,1195,2,35.68,4.7,5,30.4
186,1,Toronto,Canada,2025,2,10,1029,1,29.05,4.62,4,33.2
187,2,Delhi,India,2025,4,11,1100,3,39.66,4.17,6,35.3
188,12,Dubai,UAE,2025,1,2,169,1,3.94,,0,40.7
189,13,New York,USA,2025,4,49,4958,5,185.45,4.28,16,44.3
190,23,Delhi,India,2025,3,25,2031,5,76.37,4.09,11,38.2
191,21,Delhi,India,2025,4,55,6283,10,136.55,4.21,21,49.6
192,1,Mumbai,India,2025,1,66,6988,16,228.75,4.35,26,60.6
193,15,Singapore,Singapore,2025,4,10,975,2,25.23,3.7,5,34.6
194,1,Dubai,UAE,2025,4,10,1028,0,34.31,4.0,3,30.1
195,17,Los Angeles,USA,2025,2,3,205,1,4.69,4.5,1,35.3
196,21,Melbourne,Australia,2025,4,21,2431,3,59.75,4.0,7,35.1
197,25,New York,USA,2025,2,5,444,0,16.32,,0,21.7
198,11,Kolkata,India,2025,4,22,2064,5,69.37,4.55,11,37.8
199,5,Hyderabad,India,2024,12,4,357,0,12.35,5.0,1,23.5
200,14,Delhi,India,2024,12,3,281,0,7.97,5.0,1,22.8
201,1,Bengaluru,India,2025,4,22,2228,4,65.28,4.36,7,40.0
202,7,Manchester,UK,2024,12,2,98,0,2.68,1.5,1,17.1
203,19,Bengaluru,India,2025,4,57,5354,8,157.09,3.94,17,49.6
204,17,Chennai,India,2025,3,5,348,3,8.0,4.25,2,44.6
205,9,Bengaluru,India,2025,4,57,5888,7,162.08,3.98,20,48.9
206,3,Kolkata,India,2025,3,7,768,2,18.63,4.5,3,34.1
207,15,Bengaluru,India,2025,4,26,2185,6,57.51,3.81,8,38.5
208,9,London,UK,2025,4,43,4146,9,124.96,4.26,19,44.4
209,1,Chennai,India,2025,1,28,2870,6,85.14,4.46,12,43.7
210,11,Chennai,India,2025,3,13,1209,1,43.9,4.2,5,29.5
211,7,Pune,India,2025,1,7,268,3,10.06,2.5,2,28.4
212,18,Mumbai,India,2025,3,9,911,2,22.85,4.0,3,31.7
213,9,Los Angeles,USA,2025,4,42,4129,8,98.27,4.41,11,43.9
214,1,Los Angeles,USA,2025,2,20,2118,7,59.92,4.54,12,45.4
215,18,Pune,India,2024,10,4,402,0,12.04,3.5,1,22.8
216,13,Bengaluru,India,2025,4,40,4223,3,149.03,4.25,12,40.9
217,21,Los Angeles,USA,2025,3,5,592,1,16.54,,0,30.9
218,19,Mumbai,India,2025,4,90,8229,14,299.81,4.1,31,62.6
219,20,Bengaluru,India,2024,9,4,219,1,5.54,2.0,1,27.0
220,15,Chicago,USA,2025,3,15,1352,3,38.79,3.81,8,34.7
221,14,Kolkata,India,2024,7,4,408,0,10.88,3.0,2,25.1
222,21,Nairobi,Kenya,2025,4,10,1117,2,27.96,4.25,4,31.6
223,12,New York,USA,2024,11,5,403,2,10.07,3.75,2,37.7
224,11,Los Angeles,USA,2025,1,2,182,1,5.42,,0,37.3
225,13,Manchester,UK,2025,4,20,2115,3,75.71,4.14,11,35.2
226,14,Mumbai,India,2025,4,4,324,1,9.75,3.0,1,27.8
227,25,Mumbai,India,2024,12,8,799,1,24.58,2.5,1,29.1
228,19,Houston,USA,2025,4,34,3085,5,100.66,4.21,12,39.8
229,1,Ahmedabad,India,2025,1,17,1832,2,54.1,4.57,7,37.7
230,14,Chicago,USA,2025,1,2,190,0,4.99,,0,22.7
231,11,Dubai,UAE,2025,4,2,174,0,6.8,,0,21.4
232,11,Houston,USA,2025,3,10,1005,3,26.12,4.1,5,36.7
233,21,Mumbai,India,2025,3,20,2182,2,54.7,4.39,9,32.1
234,25,Hyderabad,India,2024,9,3,311,0,11.37,4.0,1,24.2
235,8,Chennai,India,2025,2,5,198,2,6.35,3.25,2,27.5
236,1,Kolkata,India,2025,1,26,2598,6,81.52,4.6,5,42.7
237,22,Delhi,India,2025,4,13,1259,2,46.29,4.0,6,34.0
238,25,Chennai,India,2024,9,5,458,0,13.31,3.25,2,22.4
239,3,Hyderabad,India,2024,11,5,465,0,16.05,4.25,2,21.2
240,9,Pune,India,2025,4,34,3665,8,107.24,4.42,12,44.1
241,8,New York,USA,2025,3,15,588,0,25.3,2.92,6,19.4
242,12,Delhi,India,2025,2,9,716,0,17.97,3.67,3,27.0
243,16,Melbourne,Australia,2025,2,2,141,0,3.88,,0,22.4
244,15,Hyderabad,India,2025,4,16,1341,2,45.27,3.81,8,31.3
245,23,Toronto,Canada,2025,4,6,494,0,13.54,4.17,3,24.9
246,10,Ahmedabad,India,2024,9,3,279,0,8.0,4.0,2,25.5
247,17,Manchester,UK,2025,2,4,241,2,7.05,4.5,1,37.9
248,19,Chicago,USA,2025,4,37,3225,5,110.09,3.89,9,39.8
249,15,Kolkata,India,2025,4,11,895,3,28.89,3.88,4,33.1
250,20,Sydney,Australia,2024,8,3,212,0,5.39,2.75,2,24.2
251,8,Sydney,Australia,2025,3,7,320,1,11.29,2.33,3,22.7
252,6,Melbourne,Australia,2025,4,6,303,1,9.24,2.88,4,23.3
253,23,Singapore,Singapore,2025,4,6,409,3,15.87,4.5,1,36.0
254,10,Ahmedabad,India,2025,1,2,188,0,4.19,,0,25.3
255,22,Toronto,Canada,2025,2,6,553,1,18.49,3.83,3,30.4
256,11,New York,USA,2025,2,19,1697,2,50.53,4.0,6,31.9
257,5,Kolkata,India,2024,11,3,249,1,10.49,2.75,2,31.6
258,15,New York,USA,2025,4,25,2143,4,69.72,3.68,11,36.4
259,2,Ahmedabad,India,2025,2,4,411,0,13.59,4.0,1,25.0
260,5,Chennai,India,2024,9,2,159,0,6.2,4.5,1,20.3
261,24,Delhi,India,2025,3,8,566,2,18.27,3.0,1,30.9
262,16,Pune,India,2024,12,5,382,0,11.28,3.75,2,25.4
263,2,Chicago,USA,2025,2,2,220,0,6.07,,0,25.8
264,4,Pune,India,2025,4,14,1094,3,39.73,3.58,6,33.7
265,1,Delhi,India,2025,1,46,4726,4,156.4,4.33,21,47.1
266,3,Ahmedabad,India,2025,1,4,366,1,13.33,4.5,3,28.0
267,13,Ahmedabad,India,2025,3,10,1067,1,36.58,3.75,4,29.9
268,1,Bengaluru,India,2025,3,27,2693,5,77.6,4.56,9,41.7
269,14,New York,USA,2024,9,4,401,1,10.74,3.5,2,32.2
270,5,Hyderabad,India,2024,9,3,281,0,7.44,3.83,3,24.2
271,24,Pune,India,2025,3,6,461,2,10.9,3.5,3,34.4
272,14,Ahmedabad,India,2024,6,3,320,0,7.91,4.5,1,25.8
273,8,London,UK,2025,3,8,420,1,9.62,2.0,2,24.8
274,18,Delhi,India,2025,4,6,662,2,20.15,4.25,2,35.7
275,6,Bengaluru,India,2025,3,9,350,2,14.71,3.25,4,22.5
276,23,Mumbai,India,2025,2,19,1578,3,59.05,3.72,9,35.0
277,2,Sydney,Australia,2024,12,4,407,1,10.62,4.5,3,32.2
278,2,New York,USA,2025,3,3,292,1,7.76,3.75,2,33.3
279,25,Singapore,Singapore,2025,4,2,155,1,6.62,3.5,1,33.0
280,22,Mumbai,India,2025,2,8,621,2,24.26,3.6,5,30.1
281,4,Chicago,USA,2025,3,18,1458,2,41.08,4.6,5,33.0
282,11,Dubai,UAE,2025,2,11,898,2,28.98,4.17,3,29.1
283,1,New York,USA,2025,4,21,2184,4,58.71,4.5,6,40.6
284,25,Chicago,USA,2024,7,3,349,1,11.51,2.75,2,37.1
285,22,Delhi,India,2025,1,8,706,3,27.79,3.83,3,36.5
286,13,Hyderabad,India,2025,3,12,1225,0,44.4,3.8,5,26.7
287,5,New York,USA,2025,1,3,210,2,10.44,4.0,2,38.4
288,4,Singapore,Singapore,2025,3,5,425,0,10.51,4.0,4,25.6
289,25,Mumbai,India,2025,2,6,605,0,18.25,,0,24.8
290,3,Delhi,India,2025,3,11,1067,3,34.88,4.25,2,32.7
291,4,Houston,USA,2025,3,7,588,2,16.42,3.67,3,34.7
292,4,Delhi,India,2025,4,31,2460,5,90.6,3.92,13,39.3
293,24,Sydney,Australia,2025,4,8,584,2,18.97,3.5,6,31.6
294,15,Pune,India,2025,4,13,1168,1,29.88,3.9,5,30.2
295,20,Los Angeles,USA,2024,9,3,190,0,4.23,3.0,3,21.9
296,3,Chennai,India,2025,1,3,271,0,9.98,5.0,1,19.9
297,14,Bengaluru,India,2025,1,2,173,2,6.42,3.5,2,50.8
298,1,Manchester,UK,2025,1,19,2034,4,49.3,5.0,3,41.1
299,2,Delhi,India,2025,1,5,579,1,18.07,4.5,1,34.3
300,14,Ahmedabad,India,2024,12,2,184,0,7.0,4.5,1,22.0
301,18,New York,USA,2024,11,4,392,0,10.89,3.5,2,22.3
302,14,Hyderabad,India,2024,7,2,201,0,6.08,4.5,2,24.0
303,23,Chicago,USA,2025,2,12,1006,3,35.14,3.88,4,35.2
304,3,Dubai,UAE,2025,1,2,255,0,5.35,5.0,1,27.2
305,3,Hyderabad,India,2024,12,8,892,1,20.59,5.0,1,30.0
306,11,Chicago,USA,2025,4,14,1280,2,50.15,4.06,8,31.5
307,14,Melbourne,Australia,2025,3,3,254,1,10.31,,0,30.7
308,4,Kolkata,India,2025,2,10,829,2,27.93,4.33,3,33.0
309,19,Kolkata,India,2025,4,40,3751,3,97.76,4.21,17,40.8
310,16,Chennai,India,2024,11,7,442,0,12.71,3.67,3,22.1
311,23,Sydney,Australia,2025,3,5,462,0,14.53,3.8,5,27.2
312,19,Dubai,UAE,2025,4,11,1004,1,31.92,4.5,1,29.0
313,16,New York,USA,2025,3,2,149,0,4.32,5.0,1,23.6
314,14,Los Angeles,USA,2025,4,3,211,0,10.31,3.5,2,17.4
315,18,London,UK,2025,2,4,434,0,11.53,5.0,1,24.5
316,16,Chicago,USA,2024,11,5,349,3,9.37,3.67,3,41.4
317,16,Bengaluru,India,2025,3,4,322,1,8.86,4.38,4,33.7
318,6,Mumbai,India,2025,3,12,707,1,18.21,2.88,4,25.9
319,16,Mumbai,India,2024,12,10,695,1,23.93,3.88,4,28.3
320,16,Mumbai,India,2025,3,6,444,0,12.06,3.83,6,25.1
321,22,Los Angeles,USA,2025,2,10,888,3,33.45,3.88,4,35.2
322,18,Melbourne,Australia,2025,2,4,417,0,12.48,4.5,1,23.6
323,16,Manchester,UK,2025,2,4,329,0,7.83,2.5,1,26.8
324,2,Sydney,Australia,2025,1,4,412,0,11.54,4.5,2,25.0
325,8,Houston,USA,2025,2,5,207,1,7.61,,0,22.1
326,22,New York,USA,2024,12,7,688,1,17.06,3.75,2,31.7
327,14,London,UK,2025,3,4,390,0,14.07,3.75,2,24.1
328,5,Los Angeles,USA,2025,3,3,223,1,9.76,3.75,2,29.5
329,25,Melbourne,Australia,2024,7,2,207,0,7.33,4.0,1,23.8
330,10,Los Angeles,USA,2025,2,4,293,0,10.04,4.5,1,20.7
331,2,Ahmedabad,India,2025,3,2,190,0,6.84,4.5,1,22.4
332,17,Chicago,USA,2025,2,5,343,0,8.7,4.33,3,26.2
333,12,Chicago,USA,2025,2,5,365,0,10.85,4.0,1,23.5
334,13,Sydney,Australia,2025,4,23,2276,4,62.86,4.38,8,35.6
335,18,Bengaluru,India,2025,1,8,792,1,18.31,4.0,2,27.9
336,16,Hyderabad,India,2025,2,3,237,1,6.23,,0,35.4
337,2,Pune,India,2025,3,7,729,0,19.42,4.12,4,26.5
338,3,Toronto,Canada,2025,4,4,443,1,9.75,4.0,1,32.0
339,11,New York,USA,2025,3,17,1688,3,60.28,4.42,6,35.5
340,24,London,UK,2024,12,6,421,1,14.99,3.83,3,27.4
341,3,New York,USA,2025,3,11,1131,1,33.18,4.25,4,28.4
342,2,Pune,India,2024,11,5,501,1,17.18,,0,30.8
343,7,Hyderabad,India,2024,12,2,77,1,3.37,1.5,1,28.6
344,18,Pune,India,2025,1,4,356,2,9.01,,0,35.4
345,4,Mumbai,India,2025,4,27,2082,2,62.42,4.2,15,34.4
346,11,Nairobi,Kenya,2025,4,2,218,1,4.98,4.0,1,41.5
347,5,Ahmedabad,India,2024,12,3,290,0,10.02,4.0,1,25.0
348,10,New York,USA,2024,9,2,189,0,6.11,4.5,1,25.5
349,7,Ahmedabad,India,2025,1,8,379,2,11.85,2.75,4,26.5
350,5,Chennai,India,2024,11,4,300,0,13.98,4.0,2,20.0
351,13,Los Angeles,USA,2025,4,26,2780,5,72.47,3.96,13,39.1
352,22,Chennai,India,2024,11,5,402,0,13.52,4.0,3,22.1
353,25,Los Angeles,USA,2025,3,5,548,1,13.89,3.0,3,32.4
354,15,Mumbai,India,2025,4,27,2244,4,78.36,3.7,10,36.2
355,14,Delhi,India,2024,6,5,482,0,17.6,4.0,2,24.2
356,16,Houston,USA,2025,3,2,136,0,5.26,,0,21.6
357,1,Kolkata,India,2025,2,12,1270,3,34.43,4.5,5,39.2
358,10,Hyderabad,India,2024,10,3,266,1,8.01,5.0,1,34.3
359,24,Kolkata,India,2025,4,4,359,0,9.43,3.5,2,27.2
360,16,Ahmedabad,India,2025,2,4,302,1,10.49,3.25,2,32.2
361,4,Houston,USA,2025,4,10,790,1,28.89,3.25,2,28.9
362,13,London,UK,2025,3,14,1388,1,48.96,3.9,5,29.0
363,18,Los Angeles,USA,2024,11,7,743,2,18.35,4.38,4,33.8
364,18,Mumbai,India,2024,11,6,661,3,19.85,4.0,2,40.7
365,2,Bengaluru,India,2025,3,11,1171,1,33.4,4.36,7,31.3
366,5,Delhi,India,2024,9,7,589,1,24.27,3.9,5,27.8
367,7,Delhi,India,2025,2,2,88,0,3.46,2.5,1,15.5
368,17,Kolkata,India,2025,1,5,310,1,7.76,4.1,5,29.9
369,5,New York,USA,2025,4,10,1030,1,25.9,3.75,2,32.3
370,1,Ahmedabad,India,2025,3,9,943,0,30.22,4.5,4,30.2
371,25,Hyderabad,India,2025,2,3,322,0,9.57,2.5,1,25.1
372,1,Dubai,UAE,2025,1,8,821,1,25.24,4.17,3,33.0
373,11,Hyderabad,India,2025,2,11,1029,3,37.76,4.3,5,34.7
374,5,New York,USA,2024,9,3,231,0,7.8,4.5,1,20.1
375,10,Bengaluru,India,2024,8,7,622,1,20.61,4.0,4,30.3
376,16,Bengaluru,India,2025,1,5,377,1,12.24,3.88,4,31.1
377,14,Houston,USA,2025,2,3,312,0,10.04,4.0,2,25.2
378,13,Sydney,Australia,2025,3,8,791,1,24.05,4.0,5,28.1
379,1,Pune,India,2025,4,18,1869,3,64.7,4.29,7,38.6
380,13,Pune,India,2025,3,26,2780,4,68.17,4.31,8,37.9
381,10,Kolkata,India,2024,12,3,284,1,6.28,4.0,2,35.9
382,10,Dubai,UAE,2025,2,4,325,1,10.18,3.0,1,30.3
383,1,Pune,India,2025,3,15,1597,0,56.68,4.5,7,33.1
384,18,Kolkata,India,2025,4,4,441,0,12.94,4.75,2,24.9
385,15,Houston,USA,2025,4,17,1439,1,47.6,4.17,6,29.9
386,20,Chicago,USA,2024,10,2,83,0,2.79,,0,14.3
387,2,Bengaluru,India,2024,8,9,819,2,32.34,4.25,4,30.9
388,3,Mumbai,India,2025,1,13,1370,3,40.73,4.38,4,33.9
389,2,Mumbai,India,2024,12,8,852,0,25.59,4.33,3,27.4
390,19,Nairobi,Kenya,2025,4,9,777,2,22.92,4.5,5,31.0
391,2,Chennai,India,2025,1,3,267,1,10.4,3.0,1,31.4
392,23,Manchester,UK,2025,3,14,1043,3,34.96,3.86,7,32.3
393,3,Toronto,Canada,2024,12,5,545,1,13.36,4.25,2,30.6
394,21,New York,USA,2025,3,11,1230,1,30.4,4.5,4,28.8
395,2,Mumbai,India,2025,3,5,517,0,12.87,4.0,2,25.5
396,18,Dubai,UAE,2025,4,2,196,0,4.94,3.5,1,21.5
397,25,Singapore,Singapore,2024,12,2,154,2,7.39,,0,47.9
398,24,Hyderabad,India,2024,12,2,151,1,4.01,,0,37.4
399,8,Houston,USA,2025,1,3,147,1,4.28,,0,27.9
400,14,Kolkata,India,2024,6,3,319,0,9.62,3.5,1,25.7
401,10,London,UK,2025,4,3,259,0,9.24,,0,23.7
402,11,Mumbai,India,2025,4,25,2318,3,68.47,4.0,16,35.5
403,18,Bengaluru,India,2025,4,2,246,0,6.45,4.5,2,26.8
404,12,Toronto,Canada,2024,10,4,291,2,8.03,3.5,1,38.0
405,24,Sydney,Australia,2025,2,4,275,0,10.18,3.67,3,21.2
406,21,Kolkata,India,2025,4,32,3871,5,92.86,4.43,15,40.9
407,1,Hyderabad,India,2025,1,24,2493,2,79.37,4.39,9,38.5
408,8,Delhi,India,2025,3,17,730,1,25.01,2.81,13,23.2
409,4,Los Angeles,USA,2025,4,14,1080,1,35.7,3.9,5,29.2
410,2,Chennai,India,2024,9,5,506,1,15.68,4.0,3,31.0
411,25,Manchester,UK,2024,11,2,211,0,5.32,,0,24.2
412,15,New York,USA,2025,3,21,1756,2,43.92,4.0,8,32.3
413,18,Bengaluru,India,2024,12,4,409,2,9.73,4.0,1,38.2
414,1,London,UK,2025,2,20,2074,4,72.17,4.31,8,40.4
415,1,Houston,USA,2025,1,19,1949,1,56.56,4.18,11,35.3
416,17,Toronto,Canada,2025,4,3,198,0,5.73,,0,24.5
417,5,Hyderabad,India,2024,11,4,353,0,10.59,4.25,2,23.3
418,11,Ahmedabad,India,2025,4,14,1208,1,36.85,4.21,7,28.1
419,7,Kolkata,India,2025,1,5,298,0,7.17,2.5,2,21.9
420,8,Ahmedabad,India,2025,2,5,196,2,6.7,2.67,3,27.4
421,24,Singapore,Singapore,2025,4,5,383,1,12.59,3.5,2,29.9
422,14,Mumbai,India,2024,8,2,198,0,5.87,,0,23.6
423,4,Hyderabad,India,2025,3,21,1680,4,63.85,3.86,11,36.3
424,25,Chicago,USA,2024,11,5,540,0,13.49,4.5,3,26.0
425,21,Sydney,Australia,2025,4,25,2910,3,82.82,3.89,9,36.1
426,8,Toronto,Canada,2025,3,3,91,1,4.75,,0,21.5
427,16,Melbourne,Australia,2024,11,3,223,1,5.36,4.5,1,34.0
428,9,Kolkata,India,2025,4,44,4659,8,106.82,4.22,16,46.1
429,16,Mumbai,India,2024,11,4,269,3,7.14,3.75,2,44.7
430,12,Bengaluru,India,2025,2,5,355,0,8.93,3.75,2,22.9
431,23,London,UK,2025,2,10,734,1,28.86,3.88,4,27.0
432,16,Mumbai,India,2025,4,11,794,1,24.43,3.8,5,29.2
433,10,Manchester,UK,2025,1,2,187,0,4.85,3.5,1,25.2
434,1,London,UK,2025,3,23,2436,5,77.25,4.06,8,42.6
435,14,Kolkata,India,2024,11,7,718,0,20.98,3.75,2,26.5
436,18,Sydney,Australia,2024,10,2,151,0,6.23,3.0,1,16.8
437,23,Toronto,Canada,2025,3,7,576,0,20.75,4.5,5,25.2
438,4,Chennai,India,2025,2,9,674,0,22.26,4.33,3,24.4
439,11,Kolkata,India,2025,3,14,1301,1,39.17,4.12,4,29.7
440,11,Chennai,India,2025,2,12,1143,0,31.29,3.88,4,27.3
441,4,Hyderabad,India,2025,4,12,991,5,27.2,4.0,7,40.2
442,2,London,UK,2024,10,5,485,1,18.14,4.25,4,30.0
443,18,Manchester,UK,2025,4,6,637,0,19.52,4.75,2,24.8
444,19,Toronto,Canada,2025,4,26,2354,4,80.75,4.18,11,36.7
445,4,Mumbai,India,2025,3,33,2638,6,93.08,3.72,9,40.9
446,13,Houston,USA,2025,4,27,2833,4,82.95,4.15,10,37.7
447,9,Manchester,UK,2025,4,19,2056,2,56.67,4.07,7,34.3
448,1,Dubai,UAE,2025,2,2,218,2,7.26,4.0,2,58.5
449,7,Delhi,India,2025,1,10,507,2,14.65,2.88,4,26.9
450,18,Houston,USA,2025,3,3,319,1,9.94,3.0,1,33.7
451,2,Ahmedabad,India,2025,1,4,383,0,12.96,3.5,2,23.4
452,21,Singapore,Singapore,2025,4,18,1976,3,56.92,4.29,7,33.4
453,5,London,UK,2024,11,2,229,0,7.01,,0,29.0
454,18,Chennai,India,2025,4,2,156,0,5.31,4.5,1,17.3
455,24,New York,USA,2024,12,2,162,0,5.04,,0,23.9
456,1,Manchester,UK,2025,2,6,625,3,22.05,4.5,2,43.9
457,3,Singapore,Singapore,2025,2,6,708,2,19.62,5.0,1,36.8
458,3,Hyderabad,India,2025,1,3,359,0,7.62,3.5,1,26.0
459,17,Melbourne,Australia,2025,1,2,113,0,3.14,,0,20.7
460,25,Hyderabad,India,2024,11,2,208,0,7.15,,0,23.9
461,23,Houston,USA,2025,2,3,291,0,7.66,3.5,1,27.7
462,11,Toronto,Canada,2025,4,12,1152,3,33.39,3.62,4,35.0
463,5,Pune,India,2024,10,5,434,0,16.1,4.25,2,23.3
464,19,Pune,India,2025,4,45,4291,7,116.26,4.23,13,45.6
465,3,Singapore,Singapore,2025,3,5,485,2,15.85,4.25,4,34.1
466,3,Mumbai,India,2024,12,13,1360,3,29.16,4.4,5,33.8
467,4,Hyderabad,India,2025,2,6,434,1,16.66,4.0,2,27.5
468,7,Houston,USA,2024,12,2,108,0,2.76,2.5,1,18.8
469,8,Hyderabad,India,2025,2,7,290,2,10.01,2.0,1,25.5
470,9,Hyderabad,India,2025,4,40,4261,5,114.64,4.21,17,42.9
471,21,Chennai,India,2025,4,29,3164,8,90.27,4.0,7,41.0
472,10,Delhi,India,2024,9,4,292,0,8.44,3.62,4,20.6
473,25,Houston,USA,2025,2,3,322,0,8.48,3.5,2,25.1
474,12,Hyderabad,India,2025,4,6,436,0,12.99,4.0,1,23.8
475,23,Kolkata,India,2025,2,13,1016,0,38.81,3.92,6,26.5
476,18,New York,USA,2025,3,3,387,0,8.44,5.0,1,28.5
477,22,Hyderabad,India,2025,4,5,318,1,14.55,,0,23.9
478,3,London,UK,2024,11,3,327,1,7.84,3.5,1,33.8
479,13,Melbourne,Australia,2025,4,12,1253,0,43.58,3.88,4,27.2
480,11,Manchester,UK,2025,3,5,389,2,15.01,,0,32.4
481,15,Sydney,Australia,2025,3,12,1052,1,26.46,4.33,3,29.4
482,24,Delhi,India,2025,4,10,800,3,20.79,3.62,8,35.9
483,25,Los Angeles,USA,2024,10,4,396,1,12.32,3.5,1,31.1
484,10,Pune,India,2025,1,2,127,1,4.58,3.5,1,32.4
485,2,Delhi,India,2025,2,6,726,2,21.92,3.5,2,39.9
486,16,Kolkata,India,2025,1,10,745,4,20.76,4.0,1,38.8
487,22,New York,USA,2025,4,9,910,1,22.21,3.88,4,32.2
488,22,Hyderabad,India,2025,3,6,549,0,14.9,3.83,3,25.3
489,25,Pune,India,2025,2,4,372,0,15.11,3.33,3,22.3
490,10,London,UK,2024,8,3,258,0,7.03,3.0,1,23.6
491,23,Ahmedabad,India,2025,4,11,886,1,24.01,4.0,2,29.1
492,18,Mumbai,India,2025,4,6,560,1,13.61,3.5,1,27.1
493,1,Sydney,Australia,2025,3,13,1272,0,48.6,4.2,5,30.1
494,5,Houston,USA,2024,12,7,640,0,23.08,3.5,3,25.3
495,23,London,UK,2025,3,8,625,2,20.98,3.67,3,32.0
496,14,Melbourne,Australia,2024,9,3,260,1,8.04,4.0,1,31.2
497,17,Bengaluru,India,2025,4,5,344,1,10.23,4.0,2,32.3
498,10,London,UK,2025,3,5,399,2,15.13,4.0,1,34.8
499,13,Pune,India,2025,4,30,2850,3,88.34,4.27,13,35.4
500,7,Hyderabad,India,2025,1,9,447,0,10.88,3.3,5,20.2
501,11,Ahmedabad,India,2025,2,10,880,0,32.87,3.67,3,24.8
502,10,Singapore,Singapore,2025,3,4,303,0,9.24,3.0,1,21.4
503,12,Mumbai,India,2024,10,3,236,0,6.18,4.0,1,24.3
504,24,Chennai,India,2025,4,2,142,0,4.62,4.0,1,21.1
505,22,Pune,India,2024,12,11,969,1,35.62,4.33,3,29.2
506,22,Los Angeles,USA,2024,11,6,518,2,21.04,3.5,2,34.0
507,13,Delhi,India,2025,4,62,6438,5,216.83,4.21,29,49.5
508,1,Houston,USA,2025,4,8,842,2,22.26,4.38,4,37.5
509,11,Chennai,India,2025,4,16,1449,3,55.3,4.0,6,33.4
510,10,Chennai,India,2025,3,2,148,0,5.48,,0,20.1
511,24,London,UK,2025,3,4,310,0,10.13,3.25,2,23.7
512,21,Chicago,USA,2025,4,18,2227,3,43.64,4.35,10,36.1
513,25,New York,USA,2024,7,5,552,0,14.3,4.5,1,26.5
514,3,Chennai,India,2025,2,5,592,0,11.9,3.0,1,26.5
515,7,Chennai,India,2024,12,5,244,1,6.37,2.67,3,24.3
516,14,Dubai,UAE,2024,11,2,162,1,5.06,4.0,1,34.5
517,22,Ahmedabad,India,2025,4,6,506,0,18.33,3.83,3,23.5
518,18,Delhi,India,2025,3,8,852,1,22.04,4.0,3,29.4
519,23,Dubai,UAE,2025,3,7,643,1,18.31,3.5,2,32.1
520,1,Singapore,Singapore,2025,1,16,1557,1,58.16,4.25,2,33.0
521,23,Bengaluru,India,2025,3,13,1108,2,27.16,3.71,7,33.1
522,4,Manchester,UK,2025,2,5,375,0,10.57,3.75,2,22.8
523,2,London,UK,2025,3,7,695,1,20.16,4.75,2,29.7
524,1,Hyderabad,India,2025,3,10,1064,2,34.76,4.5,5,37.1
525,1,Houston,USA,2025,3,12,1240,1,36.68,4.25,2,33.6
526,2,Kolkata,India,2024,12,7,608,1,24.96,4.17,3,26.8
527,19,Ahmedabad,India,2025,4,36,3260,8,102.88,4.03,17,42.8
528,3,Kolkata,India,2024,11,2,230,1,6.18,,0,39.6
529,1,Nairobi,Kenya,2025,2,3,286,0,7.8,5.0,1,25.4
530,24,Bengaluru,India,2024,12,2,178,0,4.78,,0,26.2
531,14,Chennai,India,2025,4,3,291,1,7.96,,0,33.6
532,7,Singapore,Singapore,2024,12,5,225,0,7.1,1.5,2,17.0
533,20,Bengaluru,India,2024,10,5,206,0,8.45,2.5,2,15.4
534,25,Mumbai,India,2024,7,7,654,1,22.32,3.25,2,27.8
535,8,Melbourne,Australia,2025,3,3,166,0,5.28,4.0,1,20.1
536,13,Ahmedabad,India,2025,4,26,2696,2,71.04,4.21,12,34.9
537,5,London,UK,2025,3,9,889,1,31.22,3.5,5,31.2
538,10,Chicago,USA,2024,8,3,217,0,9.11,4.0,1,20.1
539,4,Los Angeles,USA,2025,3,14,1031,2,33.0,4.0,6,30.3
540,23,Nairobi,Kenya,2025,4,4,317,1,12.01,4.0,1,30.7
541,8,Bengaluru,India,2025,3,9,420,3,15.06,3.33,3,29.5
542,22,London,UK,2025,4,6,540,1,16.05,3.0,3,29.9
543,16,Hyderabad,India,2024,12,3,209,0,7.04,3.0,1,22.5
544,14,Nairobi,Kenya,2024,11,2,212,0,7.19,5.0,1,25.3
545,22,Mumbai,India,2024,12,15,1267,3,38.65,4.07,7,33.1
546,15,Delhi,India,2025,3,30,2669,8,82.85,3.85,10,42.4
547,16,Chicago,USA,2025,2,5,301,0,11.32,3.5,1,20.4
548,24,Ahmedabad,India,2025,1,6,460,1,12.32,3.67,3,29.3
549,25,Toronto,Canada,2024,8,2,183,0,5.61,2.5,1,21.1
550,3,Mumbai,India,2025,3,7,872,0,21.98,4.67,3,28.6
551,23,Chennai,India,2025,4,14,1234,1,34.78,3.85,10,31.8
552,16,Delhi,India,2024,11,6,498,2,12.76,,0,37.8
553,24,Houston,USA,2025,3,8,578,3,18.96,3.5,3,35.1
554,15,Houston,USA,2025,3,11,919,1,28.63,3.5,6,28.2
555,22,Delhi,India,2025,3,8,655,1,20.24,3.4,5,27.4
556,11,Sydney,Australia,2025,1,2,193,0,4.95,,0,23.6
557,10,Delhi,India,2025,1,2,194,0,4.2,,0,26.1
558,5,Mumbai,India,2024,9,8,709,2,24.78,4.5,2,32.5
559,8,New York,USA,2025,2,10,458,1,14.95,2.3,5,22.6
560,1,New York,USA,2025,3,23,2270,5,73.78,4.5,7,40.8
561,11,Houston,USA,2025,4,10,933,1,24.98,4.0,6,29.0
562,15,Ahmedabad,India,2025,4,9,808,3,23.15,3.33,6,36.2
563,1,New York,USA,2025,1,29,2917,5,93.0,4.64,11,42.3
564,12,Bengaluru,India,2024,12,2,124,1,4.67,,0,34.0
565,7,Ahmedabad,India,2024,12,4,163,0,5.65,3.0,2,15.2
566,21,Ahmedabad,India,2025,4,23,2722,2,73.24,4.2,5,34.7
567,11,Sydney,Australia,2025,2,7,590,1,23.78,3.38,4,27.0
568,24,Singapore,Singapore,2025,1,4,346,1,7.52,4.25,2,33.8
569,3,London,UK,2025,3,7,803,2,18.44,4.12,4,35.1
570,4,Dubai,UAE,2025,3,6,582,1,14.02,3.83,3,34.3
571,16,Delhi,India,2024,12,7,468,0,15.98,,0,23.3
572,18,Melbourne,Australia,2024,10,5,535,0,16.8,4.5,2,24.6
573,3,Bengaluru,India,2025,1,14,1627,2,42.5,4.5,5,33.9
574,3,Chicago,USA,2025,3,4,389,1,11.81,4.38,4,29.2
575,13,Singapore,Singapore,2025,4,22,2468,1,64.22,4.0,6,34.2
576,25,Bengaluru,India,2025,4,3,278,0,10.0,4.83,3,21.8
577,5,Singapore,Singapore,2024,9,3,244,0,9.34,4.5,1,21.2
578,25,New York,USA,2024,9,3,220,1,8.17,,0,27.5
579,20,Sydney,Australia,2024,9,5,187,0,7.64,2.5,1,14.2
580,2,Sydney,Australia,2025,2,4,387,1,10.51,4.17,3,31.1
581,15,Chicago,USA,2025,4,18,1463,2,45.43,4.06,8,31.0
582,24,Bengaluru,India,2025,2,5,440,4,10.97,3.75,2,51.1
583,5,Manchester,UK,2025,1,5,436,3,13.51,5.0,1,41.4
584,2,Ahmedabad,India,2024,12,2,219,0,6.16,4.0,1,25.7
585,5,Bengaluru,India,2025,3,6,502,1,19.15,4.0,1,28.0
586,5,Toronto,Canada,2024,12,2,204,0,6.44,,0,25.9
587,17,Houston,USA,2025,1,4,226,0,8.09,3.25,2,21.5
588,12,Ahmedabad,India,2025,1,5,395,1,11.03,3.75,2,31.2
589,14,New York,USA,2024,6,4,406,0,10.92,3.83,3,25.0
590,14,New York,USA,2024,8,5,468,0,15.68,3.5,2,23.6
591,1,Kolkata,India,2025,4,20,2095,5,62.28,4.28,9,42.1
592,13,Chennai,India,2025,4,22,2230,3,80.3,3.8,5,34.6
593,25,Chennai,India,2025,4,2,199,0,5.4,4.5,1,22.9
594,2,New York,USA,2025,1,4,394,0,11.2,4.0,2,24.0
595,4,Manchester,UK,2025,4,11,855,3,33.88,4.0,4,34.2
596,12,Chennai,India,2024,11,2,189,0,4.79,4.0,2,28.6
597,22,Mumbai,India,2025,4,18,1596,2,46.9,3.58,6,32.7
598,5,Chicago,USA,2024,9,3,274,0,8.93,3.75,2,23.7
599,21,Los Angeles,USA,2025,4,33,3709,3,108.27,4.18,14,37.7
600,3,Ahmedabad,India,2024,12,8,931,2,19.08,4.5,2,34.8
601,22,London,UK,2025,2,6,576,1,18.22,3.25,2,31.4
602,6,Ahmedabad,India,2025,4,5,240,0,7.78,2.0,1,17.2
603,5,Kolkata,India,2025,2,5,422,3,16.49,3.83,3,40.8
604,5,Chennai,India,2025,1,2,160,0,6.65,3.75,2,20.5
605,13,Toronto,Canada,2025,4,23,2296,4,67.38,4.25,12,35.8
606,1,Los Angeles,USA,2025,3,16,1699,5,41.74,4.6,5,42.8
607,18,Mumbai,India,2024,12,9,967,0,28.65,4.1,5,26.3
608,24,Los Angeles,USA,2025,4,6,465,3,14.8,4.5,1,39.5
609,14,Mumbai,India,2024,11,5,527,1,17.81,4.0,2,32.3
610,3,New York,USA,2024,12,8,890,2,18.13,2.5,1,33.7
611,24,Mumbai,India,2025,1,10,749,4,25.03,3.9,5,37.4
612,12,Kolkata,India,2024,10,2,154,0,3.78,3.0,1,23.4
613,11,Pune,India,2025,2,13,1179,1,43.8,3.9,5,28.9
614,16,Bengaluru,India,2025,2,8,577,2,17.27,3.17,3,32.8
615,15,London,UK,2025,4,23,2125,2,50.19,4.0,10,35.1
616,3,Kolkata,India,2025,4,6,656,2,19.65,4.83,3,35.0
617,2,Toronto,Canada,2025,4,2,207,0,5.4,,0,24.3
618,25,Delhi,India,2024,12,5,571,1,18.43,3.0,3,33.4
619,2,Hyderabad,India,2024,8,2,168,1,5.63,4.5,1,34.9
620,12,Ahmedabad,India,2024,11,4,331,0,9.49,4.0,1,25.9
621,24,Chennai,India,2025,2,6,503,0,11.56,4.0,2,26.4
622,22,London,UK,2025,3,11,957,1,31.98,3.5,5,28.9
623,18,London,UK,2025,3,2,266,0,5.83,3.5,1,28.9
624,11,London,UK,2025,3,11,1000,1,39.42,4.0,5,28.6
625,4,Bengaluru,India,2025,2,6,506,0,13.73,3.83,3,25.8
626,12,Delhi,India,2025,3,4,306,0,9.6,4.5,1,24.1
627,1,Delhi,India,2025,4,26,2662,3,70.23,4.44,9,39.9
628,14,Toronto,Canada,2025,4,3,330,0,8.46,3.5,1,26.6
629,12,Houston,USA,2025,1,6,460,0,14.63,3.75,4,24.9
630,4,Melbourne,Australia,2025,4,7,593,0,20.95,3.5,3,26.3
631,10,Manchester,UK,2025,2,3,227,0,7.75,4.25,2,20.9
632,16,Hyderabad,India,2025,4,4,303,0,7.96,,0,24.8
633,7,Mumbai,India,2024,12,10,362,0,16.22,2.33,3,16.1
634,25,Chicago,USA,2024,9,2,182,0,7.35,,0,21.0
635,5,Melbourne,Australia,2024,9,2,169,0,6.94,,0,21.6
636,18,Chennai,India,2024,11,4,427,1,13.43,3.5,1,31.7
637,23,Bengaluru,India,2025,4,13,1091,1,32.83,4.17,6,30.4
638,22,Houston,USA,2024,11,10,910,1,24.62,3.62,4,29.8
639,10,Delhi,India,2025,2,2,164,0,4.47,3.75,2,22.2
640,25,Delhi,India,2025,4,6,616,1,18.57,3.6,5,30.2
641,3,Houston,USA,2024,11,2,212,0,5.9,3.5,1,22.7
642,1,Sydney,Australia,2025,1,12,1243,3,33.49,4.7,5,38.6
643,13,Bengaluru,India,2025,3,21,2152,4,71.79,4.0,5,36.1
644,23,Los Angeles,USA,2025,3,21,1834,3,53.98,4.0,7,36.5
645,20,Chennai,India,2024,10,5,243,0,6.63,2.5,2,17.8
646,20,Delhi,India,2024,9,12,514,1,19.46,3.0,3,21.3
647,16,New York,USA,2024,12,6,458,2,12.22,3.25,2,35.8
648,10,Los Angeles,USA,2025,4,4,311,0,11.47,3.67,3,21.9
649,18,Hyderabad,India,2025,2,3,351,1,9.41,3.0,1,35.9
650,17,Manchester,UK,2025,3,2,148,0,3.61,4.0,1,26.9
651,25,Kolkata,India,2025,3,4,435,1,15.19,4.25,2,33.3
652,16,Kolkata,India,2025,3,5,350,1,9.12,3.5,2,29.4
653,24,Hyderabad,India,2025,2,6,461,0,13.83,4.0,2,24.4
654,5,Delhi,India,2025,1,12,958,4,40.69,3.75,6,34.4
655,1,Pune,India,2025,2,12,1199,0,33.88,4.0,1,30.2
656,20,Hyderabad,India,2024,8,2,97,0,3.24,,0,16.6
657,5,Mumbai,India,2024,11,9,780,1,23.61,4.17,6,28.2
658,3,Chicago,USA,2025,4,8,848,3,22.12,4.5,3,36.4
659,11,Melbourne,Australia,2025,2,9,901,2,31.49,4.0,4,33.9
660,13,Houston,USA,2025,3,18,1781,4,63.63,4.17,6,35.1
661,18,Delhi,India,2024,12,7,695,1,15.81,4.3,5,28.1
662,5,Mumbai,India,2025,3,13,1215,1,44.01,3.88,4,30.5
663,11,Melbourne,Australia,2025,3,5,464,0,14.94,3.5,1,23.9
664,17,Chicago,USA,2025,1,2,120,1,3.39,4.75,2,37.0
665,12,Delhi,India,2024,10,4,302,0,8.12,3.25,4,23.8
666,4,Melbourne,Australia,2025,3,4,314,1,8.77,,0,30.9
667,6,Chennai,India,2025,3,10,434,0,12.31,2.4,5,17.7
668,4,New York,USA,2025,4,22,1778,4,56.75,4.0,12,36.7
669,15,Hyderabad,India,2025,3,18,1610,5,39.57,3.78,9,38.1
670,18,Toronto,Canada,2024,12,5,456,1,16.28,3.5,2,27.3
671,1,Melbourne,Australia,2025,1,15,1514,2,52.21,4.6,5,35.7
672,1,Chennai,India,2025,4,12,1229,0,34.85,4.58,6,30.8
673,20,Houston,USA,2024,9,5,194,0,6.43,1.75,2,14.7
674,1,Chicago,USA,2025,2,8,795,1,27.2,4.5,5,32.2
675,18,Sydney,Australia,2025,4,3,288,1,6.96,,0,31.5
676,10,London,UK,2025,2,4,346,0,9.67,2.75,2,24.2
677,21,Manchester,UK,2025,4,18,2086,2,55.73,4.44,8,33.0
678,18,Ahmedabad,India,2024,12,2,199,1,6.04,4.5,1,36.8
679,13,Mumbai,India,2025,3,24,2521,1,82.79,4.3,10,33.4
680,16,Chennai,India,2025,2,6,424,1,13.6,3.38,4,29.0
681,7,New York,USA,2025,2,6,261,0,9.54,2.5,2,16.9
682,3,Mumbai,India,2025,4,10,1022,2,26.41,4.33,6,31.1
683,10,Bengaluru,India,2025,1,6,498,1,15.34,4.5,3,29.1
684,6,Hyderabad,India,2025,3,5,304,1,6.74,,0,27.2
685,25,Mumbai,India,2025,3,14,1403,3,45.89,3.5,7,34.3
686,12,Chennai,India,2025,4,5,352,0,12.03,4.0,2,22.7
687,15,London,UK,2025,3,23,2080,3,67.29,3.92,6,35.9
688,11,Toronto,Canada,2025,2,12,1180,4,37.56,4.0,5,38.0
689,4,Sydney,Australia,2025,3,8,665,0,24.08,4.25,2,26.3
690,10,New York,USA,2025,3,3,298,0,6.65,3.5,1,27.1
691,22,Sydney,Australia,2024,12,3,237,0,7.84,,0,20.9
692,23,Houston,USA,2025,3,7,592,1,20.09,3.5,3,30.2
693,4,Ahmedabad,India,2025,4,7,528,0,17.09,3.75,4,23.8
694,11,Mumbai,India,2025,3,22,2163,5,56.88,4.0,6,38.8
695,25,Mumbai,India,2025,4,6,624,0,17.81,3.67,3,25.5
696,2,Chennai,India,2025,4,2,122,0,5.88,3.5,2,14.7
697,23,London,UK,2025,4,13,1000,3,39.62,4.12,8,33.1
698,24,Kolkata,India,2025,1,3,260,0,6.41,,0,26.0
699,7,Mumbai,India,2025,1,11,493,3,15.59,2.5,5,27.5
700,15,Nairobi,Kenya,2025,3,6,550,1,18.26,3.67,3,30.5
701,21,New York,USA,2025,4,38,4280,3,90.57,3.88,13,39.4
702,25,Sydney,Australia,2024,10,2,206,0,6.77,4.0,2,23.7
703,12,Mumbai,India,2025,3,6,517,0,15.24,4.0,2,27.7
704,11,Los Angeles,USA,2025,3,14,1209,4,43.02,4.08,6,34.6
705,3,Hyderabad,India,2025,3,6,582,1,16.43,4.0,2,27.5
706,8,Los Angeles,USA,2025,1,2,63,1,3.42,,0,26.5
707,24,London,UK,2025,1,11,947,1,22.25,,0,31.7
708,10,New York,USA,2025,2,2,146,2,5.85,3.0,1,49.8
709,25,London,UK,2025,1,7,654,0,26.61,3.5,5,23.6
710,20,Mumbai,India,2024,9,17,795,1,22.38,2.62,8,23.8
711,14,Bengaluru,India,2025,3,5,469,2,16.68,4.0,2,35.6
712,3,Los Angeles,USA,2025,1,7,731,1,15.7,5.0,2,28.7
713,13,Toronto,Canada,2025,3,13,1236,0,40.49,4.25,4,25.6
714,18,Chicago,USA,2025,1,7,634,1,23.47,3.0,2,26.2
715,18,Bengaluru,India,2024,11,4,384,1,11.12,4.0,2,29.4
716,4,Ahmedabad,India,2025,2,4,333,2,9.25,3.67,3,39.7
717,2,Pune,India,2024,12,2,156,1,7.0,4.5,1,33.5
718,17,Pune,India,2025,3,2,88,1,3.44,,0,31.3
719,24,Manchester,UK,2025,4,6,497,0,11.82,3.75,2,26.1
720,12,Pune,India,2025,1,5,370,1,12.44,3.83,3,29.8
721,11,Chicago,USA,2025,3,10,988,3,34.9,4.0,5,36.3
722,4,Manchester,UK,2025,3,4,371,1,9.74,4.5,1,34.9
723,12,Mumbai,India,2025,4,7,528,3,17.54,3.5,3,37.8
724,5,Ahmedabad,India,2025,3,4,371,1,10.04,4.67,3,31.9
725,2,Delhi,India,2024,9,7,710,2,26.46,4.0,1,34.4
726,24,Toronto,Canada,2025,1,2,179,1,5.13,3.75,2,41.4
727,11,Singapore,Singapore,2025,3,7,639,2,19.45,4.25,2,32.9
728,18,London,UK,2024,12,2,158,1,6.63,4.5,1,32.5
729,16,Chennai,India,2025,4,3,243,0,7.29,3.5,1,26.0
730,22,Bengaluru,India,2024,12,9,854,1,24.25,3.8,5,30.7
731,6,Ahmedabad,India,2025,3,4,169,2,5.48,,0,29.9
732,21,Chennai,India,2025,3,9,1018,1,26.01,4.17,3,28.8
733,23,Manchester,UK,2025,2,7,612,0,18.2,4.0,2,26.6
734,1,Nairobi,Kenya,2025,3,4,409,1,12.04,5.0,1,35.1
735,11,Manchester,UK,2025,2,7,622,1,23.03,4.1,5,28.1
736,22,Singapore,Singapore,2025,2,4,315,1,11.64,3.5,2,28.8
737,23,Pune,India,2025,2,9,709,3,25.59,3.38,4,35.1
738,25,Mumbai,India,2024,10,6,587,2,16.32,3.58,6,34.1
739,1,London,UK,2025,4,21,2163,1,75.14,4.5,4,36.0
740,12,Melbourne,Australia,2024,10,2,147,0,4.19,4.25,2,22.4
741,24,Toronto,Canada,2025,3,4,227,0,7.78,3.25,2,17.8
742,15,Toronto,Canada,2025,3,9,754,3,26.71,4.0,4,34.7
743,3,London,UK,2025,1,9,900,0,24.66,3.67,3,24.3
744,10,Pune,India,2025,3,2,150,0,4.91,,0,20.4
745,2,Pune,India,2024,8,3,293,0,9.07,,0,23.4
746,2,Manchester,UK,2025,4,3,304,1,8.21,3.5,2,34.2
747,11,Bengaluru,India,2025,3,22,2070,6,72.24,3.88,4,39.2
748,18,Manchester,UK,2025,2,2,216,0,5.67,4.0,1,23.6
749,22,Los Angeles,USA,2025,3,5,459,2,15.95,4.33,3,37.0
750,8,Chennai,India,2025,3,6,265,2,9.85,2.5,3,27.5
751,7,Kolkata,India,2025,2,3,141,0,4.47,3.5,1,16.9
752,4,Chennai,India,2025,4,7,569,1,16.39,3.5,3,29.7
753,6,Pune,India,2025,3,9,455,1,11.5,3.0,3,22.9
754,25,Houston,USA,2024,10,2,205,1,5.67,4.0,2,38.6
755,12,Sydney,Australia,2025,2,2,130,1,3.67,3.5,2,34.9
756,10,New York,USA,2025,1,2,152,0,4.75,,0,20.6
757,16,Dubai,UAE,2025,1,2,128,0,3.76,4.0,1,20.4
758,14,Toronto,Canada,2025,3,2,159,0,5.21,3.5,2,19.1
759,10,Houston,USA,2024,8,2,126,1,4.97,,0,32.2
760,23,Delhi,India,2025,4,20,1640,2,61.85,4.18,11,33.4
761,5,Mumbai,India,2025,2,10,821,1,34.81,4.1,5,27.2
762,2,Los Angeles,USA,2025,4,6,566,0,20.14,4.25,2,23.8
763,14,Mumbai,India,2024,12,9,810,2,27.66,3.67,3,31.0
764,21,London,UK,2025,4,28,3012,6,74.73,4.32,11,38.4
765,19,Sydney,Australia,2025,4,25,2396,2,70.14,4.28,9,35.4
766,15,Kolkata,India,2025,3,22,1949,2,48.27,3.93,7,33.9
767,18,Mumbai,India,2024,10,7,799,0,21.15,4.0,2,26.9
768,17,Delhi,India,2025,3,4,296,2,8.23,4.17,3,42.7
769,12,Hyderabad,India,2025,3,3,206,0,6.54,,0,21.4
770,11,Sydney,Australia,2025,4,13,1315,3,36.31,3.62,4,36.0
771,22,Mumbai,India,2025,3,15,1354,2,46.57,3.62,4,32.6
772,1,Houston,USA,2025,2,11,1165,0,30.79,4.75,6,31.3
773,24,Pune,India,2025,1,4,293,0,8.37,4.25,2,22.5
774,11,Chicago,USA,2025,2,11,1044,0,28.53,4.75,2,26.8
775,7,New York,USA,2025,1,11,470,1,17.28,2.5,5,21.4
776,18,Houston,USA,2024,11,3,317,0,9.92,,0,23.5
777,23,Los Angeles,USA,2025,4,13,1069,2,29.52,3.75,2,32.2
778,7,Bengaluru,India,2025,2,2,84,0,2.7,,0,14.8
779,1,Manchester,UK,2025,3,16,1649,2,44.18,4.39,9,36.4
780,20,Hyderabad,India,2024,9,5,312,2,6.36,2.5,1,34.3
781,17,Sydney,Australia,2025,4,3,190,1,5.21,,0,33.6
782,22,Houston,USA,2024,12,2,188,0,5.67,4.5,1,24.3
783,16,London,UK,2025,1,3,180,0,5.72,3.25,2,19.6
784,13,New York,USA,2025,3,15,1512,5,53.62,3.75,6,37.6
785,25,London,UK,2025,3,2,194,0,6.0,4.25,2,22.4
786,25,Pune,India,2025,3,2,179,0,6.56,3.25,2,20.7
787,8,Delhi,India,2025,2,13,632,3,16.72,2.93,7,28.7
788,25,Chennai,India,2024,7,3,287,0,7.79,,0,22.5
789,10,Sydney,Australia,2025,3,3,221,0,7.75,3.5,1,20.4
790,3,Delhi,India,2024,12,12,1344,1,31.22,5.0,1,30.5
791,5,Ahmedabad,India,2025,2,2,198,0,6.58,,0,25.1
792,20,Kolkata,India,2024,9,7,353,1,9.11,2.33,3,23.5
793,23,New York,USA,2025,3,15,1224,6,36.13,4.0,9,40.3
794,10,Melbourne,Australia,2025,1,3,233,0,7.2,4.5,2,21.5
795,6,Los Angeles,USA,2025,4,12,629,0,20.12,2.5,4,21.4
796,18,Los Angeles,USA,2024,12,4,436,0,12.84,4.0,1,24.6
797,18,Toronto,Canada,2025,2,6,626,2,16.31,,0,34.4
798,2,Melbourne,Australia,2024,11,4,355,1,12.42,4.0,2,29.3
799,1,Singapore,Singapore,2025,3,6,566,1,17.75,4.0,1,31.4
800,19,Manchester,UK,2025,4,27,2421,4,68.77,4.12,8,36.8
801,10,Delhi,India,2024,8,5,363,0,11.31,3.75,2,20.9
802,22,Nairobi,Kenya,2025,1,4,333,1,11.75,3.75,2,29.9
803,13,Kolkata,India,2025,3,15,1433,2,43.97,4.5,4,30.5
804,3,Chennai,India,2025,3,5,564,0,12.69,4.5,2,25.3
805,25,Los Angeles,USA,2024,7,5,499,1,12.92,4.0,2,30.2
806,5,London,UK,2025,4,4,368,0,12.67,4.0,1,24.2
807,18,Chicago,USA,2025,2,4,474,0,8.97,,0,26.6
808,24,Dubai,UAE,2025,3,3,245,0,6.1,3.5,1,24.5
809,7,Houston,USA,2025,1,7,352,1,9.97,2.67,3,23.8
810,20,Kolkata,India,2024,10,2,122,0,2.81,2.0,1,20.7
811,1,New York,USA,2025,2,16,1647,3,49.59,,0,38.2
812,14,Dubai,UAE,2024,10,2,188,0,6.3,3.0,2,22.5
813,14,Manchester,UK,2025,1,3,289,0,8.55,3.5,1,23.4
814,15,Dubai,UAE,2025,3,4,396,0,10.21,3.67,3,26.6
815,16,Bengaluru,India,2025,4,3,174,0,7.37,3.0,1,19.0
816,4,Singapore,Singapore,2025,2,6,469,0,14.35,4.0,1,24.1
817,25,New York,USA,2024,10,4,390,0,13.31,4.0,1,23.3
818,14,Bengaluru,India,2024,9,5,453,1,15.5,4.25,4,28.9
819,14,Mumbai,India,2024,7,5,437,0,15.26,3.75,2,22.2
820,2,Kolkata,India,2025,4,3,287,0,8.95,4.5,1,22.9
821,18,Chennai,India,2024,10,6,616,0,13.9,4.33,3,24.1
822,14,London,UK,2025,4,2,213,0,6.46,3.0,1,25.4
823,12,Delhi,India,2025,4,3,236,0,7.8,,0,24.3
824,4,New York,USA,2025,2,10,890,4,25.8,3.5,2,40.7
825,6,Chennai,India,2025,4,9,404,0,13.03,3.17,6,17.8
826,11,Mumbai,India,2025,2,21,2018,2,57.11,4.0,8,34.0
827,10,Mumbai,India,2025,2,3,248,0,7.07,3.5,1,22.8
828,18,Manchester,UK,2024,12,2,226,0,5.55,5.0,1,24.7
829,11,Delhi,India,2025,4,17,1579,2,51.08,3.56,8,32.3
830,18,Singapore,Singapore,2024,12,4,469,2,10.32,4.0,1,41.4
831,24,Nairobi,Kenya,2025,1,5,388,0,10.25,3.83,3,24.2
832,22,Mumbai,India,2025,1,14,1206,2,41.46,4.5,3,31.4
833,23,Dubai,UAE,2025,4,7,543,2,18.1,4.75,2,32.5
834,8,Kolkata,India,2025,2,12,531,4,18.76,2.5,6,29.9
835,21,Houston,USA,2025,4,23,2586,4,54.4,3.85,10,36.2
836,22,Pune,India,2025,4,3,253,1,10.62,3.0,2,32.3
837,18,Manchester,UK,2025,1,4,423,0,10.62,3.5,2,23.9
838,3,Bengaluru,India,2024,12,7,712,1,19.33,4.2,5,28.1
839,25,Melbourne,Australia,2024,10,2,233,1,5.18,,0,41.7
840,20,Mumbai,India,2024,8,7,318,0,9.78,2.83,3,17.6
841,18,Mumbai,India,2025,2,12,1258,2,36.56,4.2,5,31.9
842,13,Singapore,Singapore,2025,3,6,522,1,22.4,3.75,2,26.0
843,2,Sydney,Australia,2025,4,3,303,1,10.96,4.0,2,34.2
844,2,Mumbai,India,2025,4,10,953,3,35.35,4.67,3,34.7
845,10,Bengaluru,India,2024,9,7,555,1,17.11,4.0,2,27.8
846,25,Chicago,USA,2025,3,5,446,0,15.66,4.5,3,21.8
847,6,Mumbai,India,2025,4,23,1288,5,36.75,2.54,12,33.4
848,23,Sydney,Australia,2025,4,6,536,1,13.87,4.0,3,31.8
849,18,Los Angeles,USA,2025,4,4,460,0,11.74,3.5,1,25.9
850,14,Toronto,Canada,2024,10,2,208,0,6.74,4.0,1,24.8
851,12,Melbourne,Australia,2025,2,3,203,1,6.0,,0,31.1
852,4,Chicago,USA,2025,4,5,334,0,12.97,4.33,3,20.6
853,2,New York,USA,2024,10,4,316,0,11.54,4.5,1,19.6
854,11,Singapore,Singapore,2025,4,3,282,0,9.43,3.0,1,23.4
855,17,Kolkata,India,2025,2,3,197,2,5.26,4.5,2,44.4
856,11,Delhi,India,2025,2,29,2636,7,91.37,4.25,10,40.3
857,12,Manchester,UK,2024,12,2,153,1,3.85,,0,38.3
858,8,Chicago,USA,2025,2,3,128,0,4.56,3.0,1,15.7
859,15,Manchester,UK,2025,3,15,1384,2,42.27,3.5,4,33.3
860,1,Chennai,India,2025,3,11,1111,2,35.77,4.12,4,35.5
861,10,Sydney,Australia,2024,8,2,159,1,4.2,,0,36.5
862,18,Ahmedabad,India,2025,3,3,314,1,8.66,,0,33.3
863,10,Los Angeles,USA,2025,1,4,264,0,9.47,,0,18.8
864,14,Ahmedabad,India,2025,1,5,503,0,14.99,4.0,1,25.2
865,4,London,UK,2025,4,14,1015,1,29.47,4.0,1,27.9
866,22,Melbourne,Australia,2024,12,3,254,1,9.69,3.5,2,32.4
867,6,Los Angeles,USA,2025,3,11,491,1,13.39,3.0,3,21.2
868,16,Los Angeles,USA,2024,11,3,255,1,7.03,3.5,1,37.2
869,14,Delhi,India,2025,4,3,354,1,7.76,3.75,2,38.4
870,6,Hyderabad,India,2025,4,6,262,1,9.73,3.33,3,21.2
871,20,Delhi,India,2024,8,3,107,0,4.83,2.75,2,12.8
872,11,Bengaluru,India,2025,2,19,1809,2,60.77,4.08,6,33.2
873,18,Chennai,India,2025,1,5,457,0,13.53,4.75,2,21.3
874,22,Kolkata,India,2025,2,4,355,1,10.39,3.83,3,31.3
875,21,Houston,USA,2025,3,8,974,1,19.2,4.0,2,30.5
876,6,Delhi,India,2025,3,15,712,3,19.55,2.8,10,27.0
877,10,Nairobi,Kenya,2025,4,2,188,1,4.4,2.5,1,40.3
878,5,Sydney,Australia,2024,12,4,342,1,9.88,3.0,1,30.1
879,2,Dubai,UAE,2024,11,3,313,0,8.43,4.5,1,24.9
880,8,Los Angeles,USA,2025,2,5,192,1,8.4,3.5,3,21.1
881,1,Kolkata,India,2025,3,20,2076,2,58.92,4.3,5,37.4
882,11,Ahmedabad,India,2025,3,11,959,2,37.12,4.25,4,30.4
883,22,Pune,India,2024,11,2,219,0,6.36,3.0,1,28.2
884,22,Kolkata,India,2025,4,7,604,2,16.81,3.88,4,32.9
885,20,New York,USA,2024,8,5,271,1,7.25,,0,25.7
886,3,Pune,India,2025,2,7,695,1,15.7,5.0,2,27.6
887,25,Ahmedabad,India,2025,4,3,330,0,11.37,,0,25.6
888,16,Sydney,Australia,2025,4,4,272,1,8.32,,0,29.9
889,1,Toronto,Canada,2025,4,12,1202,2,37.6,4.9,5,35.3
890,22,Chennai,India,2024,12,6,524,1,18.59,3.5,4,29.2
891,5,New York,USA,2024,12,2,166,1,6.41,,0,36.2
892,18,Nairobi,Kenya,2024,10,2,209,0,6.23,3.5,1,22.9
893,20,Delhi,India,2024,10,5,243,3,6.1,2.75,2,35.8
894,5,Hyderabad,India,2025,1,4,320,0,13.1,3.83,3,21.3
895,22,Kolkata,India,2025,3,6,540,0,17.91,3.5,3,24.9
896,22,Ahmedabad,India,2025,1,4,345,1,11.95,3.75,2,30.7
897,6,Chicago,USA,2025,4,8,344,0,13.88,3.38,4,16.8
898,23,Manchester,UK,2025,4,5,440,2,10.99,4.0,3,38.0
899,12,Los Angeles,USA,2024,11,11,862,0,20.31,4.4,5,27.4
900,20,Mumbai,India,2024,10,3,117,0,3.67,1.75,2,13.9
901,10,Mumbai,India,2024,10,5,438,0,14.03,3.75,2,24.9
902,25,Bengaluru,India,2025,2,2,193,0,6.1,4.0,1,22.2
903,23,Hyderabad,India,2025,2,11,885,3,34.14,4.0,2,34.5
904,18,New York,USA,2024,10,3,321,0,9.2,3.5,1,23.8
905,4,London,UK,2025,3,14,1069,5,35.69,3.12,4,37.5
906,2,Manchester,UK,2024,9,3,328,0,8.65,,0,26.0
907,3,Los Angeles,USA,2025,2,11,1209,1,34.0,4.5,4,29.9
908,25,New York,USA,2025,1,4,460,2,14.43,4.0,1,42.2
909,10,Manchester,UK,2024,11,2,201,0,4.9,3.5,1,27.0
910,3,London,UK,2025,4,5,538,2,12.89,4.5,1,36.3
911,21,Manchester,UK,2025,3,4,470,1,12.26,4.33,3,31.8
912,13,Melbourne,Australia,2025,3,8,768,0,30.1,4.3,5,23.8
913,22,Bengaluru,India,2025,4,5,531,0,14.74,4.0,1,28.6
914,2,London,UK,2024,8,2,207,0,6.35,5.0,1,24.3
915,10,Delhi,India,2025,4,4,329,0,10.28,4.5,2,23.1
916,11,Sydney,Australia,2025,3,9,849,3,23.36,3.4,5,35.9
917,22,Dubai,UAE,2024,12,3,270,1,10.17,4.25,2,33.7
918,24,Houston,USA,2025,1,3,255,0,6.2,3.5,1,25.5
919,2,Hyderabad,India,2024,11,3,237,0,8.69,4.0,1,19.2
920,18,Dubai,UAE,2025,3,3,354,0,8.27,4.0,2,26.1
921,1,Chicago,USA,2025,3,15,1580,1,42.3,4.29,7,34.8
922,2,Singapore,Singapore,2025,1,3,331,2,7.69,4.0,2,46.3
923,2,Delhi,India,2024,8,4,421,0,13.37,4.5,1,25.5
924,5,Bengaluru,India,2024,12,6,510,0,17.66,4.0,1,23.3
925,25,Sydney,Australia,2025,3,3,328,1,10.25,,0,35.5
926,20,Dubai,UAE,2024,9,2,34,1,3.48,3.5,2,21.3
927,5,Houston,USA,2025,2,5,389,0,13.52,4.0,2,21.1
928,2,Los Angeles,USA,2024,11,6,513,2,21.16,4.3,5,31.8
929,17,Singapore,Singapore,2025,4,3,214,1,4.49,4.5,1,36.4
930,12,Chicago,USA,2025,1,4,316,1,8.28,3.75,4,32.3
931,16,Bengaluru,India,2024,12,5,366,0,9.15,4.0,2,24.4
932,14,Pune,India,2024,7,4,336,2,14.18,3.0,2,36.0
933,14,Los Angeles,USA,2024,10,3,314,1,9.26,,0,35.4
934,24,Toronto,Canada,2025,4,6,469,0,12.38,3.5,3,24.7
935,25,New York,USA,2024,12,3,361,1,9.71,4.0,2,37.9
936,18,Hyderabad,India,2024,12,5,481,2,15.66,4.0,2,34.3
937,3,Ahmedabad,India,2025,2,7,714,1,23.23,4.25,2,28.2
938,25,Los Angeles,USA,2024,11,8,834,1,26.93,4.75,4,30.1
939,2,Singapore,Singapore,2024,11,3,321,1,9.15,4.5,1,35.5
940,1,Hyderabad,India,2025,4,17,1721,3,62.64,4.12,8,37.8
941,18,Houston,USA,2025,1,5,546,1,15.15,4.17,3,31.1
942,1,Nairobi,Kenya,2025,4,5,523,0,18.55,4.0,3,28.6
943,2,Mumbai,India,2024,9,10,1181,0,37.2,4.2,5,30.8
944,6,London,UK,2025,4,10,482,1,12.75,3.12,4,22.2
945,10,Nairobi,Kenya,2024,9,2,172,1,5.98,,0,38.2
946,24,Los Angeles,USA,2025,2,7,574,1,12.72,3.3,5,30.5
947,22,Manchester,UK,2024,11,3,256,1,8.03,4.25,2,32.5
948,11,Pune,India,2025,3,9,773,1,27.52,4.17,3,27.2
949,5,Bengaluru,India,2024,10,6,523,2,20.56,4.0,1,33.8
950,22,Delhi,India,2025,2,14,1275,2,41.64,3.75,4,32.7
951,7,Bengaluru,India,2025,1,13,556,0,16.37,2.25,6,19.5
952,23,Ahmedabad,India,2025,3,11,875,0,26.58,3.8,5,26.1
953,5,Bengaluru,India,2025,1,8,659,1,24.75,3.5,4,27.2
954,4,Houston,USA,2025,2,4,309,2,11.84,,0,38.1
955,17,Pune,India,2025,4,7,387,2,13.14,3.6,5,30.9
956,6,Sydney,Australia,2025,3,5,155,1,6.14,2.75,2,17.8
957,24,Nairobi,Kenya,2025,4,2,123,0,4.86,4.0,1,18.4
958,3,Manchester,UK,2025,1,5,608,0,16.65,3.75,2,27.2
959,23,Nairobi,Kenya,2025,3,4,290,1,9.26,4.5,1,28.9
960,18,Nairobi,Kenya,2025,4,2,164,0,4.95,4.5,1,18.1
961,11,London,UK,2025,2,10,911,4,25.26,3.5,3,37.5
962,10,Mumbai,India,2024,9,3,267,0,7.53,,0,24.4
963,16,Los Angeles,USA,2025,1,5,311,1,9.51,3.17,3,27.0
964,2,Bengaluru,India,2024,10,6,611,0,16.26,3.67,3,25.5
965,10,New York,USA,2024,12,5,408,0,13.39,4.75,2,23.3
966,25,Chicago,USA,2024,8,8,694,2,23.39,3.5,4,30.0
967,22,Singapore,Singapore,2025,1,3,287,0,10.22,,0,25.1
968,5,Delhi,India,2024,10,4,330,0,10.71,,0,21.9
969,10,Manchester,UK,2024,8,4,315,0,11.47,4.25,4,22.1
970,24,Houston,USA,2025,4,3,212,0,5.75,3.5,1,21.4
971,12,London,UK,2025,4,2,160,1,4.07,3.0,1,39.3
972,15,Ahmedabad,India,2025,3,11,1023,0,32.07,3.7,5,27.8
973,8,Los Angeles,USA,2025,3,10,510,2,12.02,2.25,6,27.4
974,21,Kolkata,India,2025,3,9,1093,2,27.85,4.5,2,33.8
975,18,Pune,India,2025,3,4,421,0,10.27,4.33,3,23.8
976,8,London,UK,2025,2,3,117,0,5.29,2.25,2,14.5
977,5,New York,USA,2025,3,4,418,0,13.6,4.5,2,27.3
978,22,Melbourne,Australia,2025,2,3,258,0,9.42,3.5,1,22.7
979,22,Los Angeles,USA,2025,4,5,371,1,16.43,3.75,2,26.6
980,5,Toronto,Canada,2024,11,2,180,0,5.88,3.25,2,22.9
981,2,Mumbai,India,2024,10,7,696,3,26.83,4.0,5,38.3
982,12,Delhi,India,2025,1,7,547,0,15.67,3.5,3,25.8
983,7,Pune,India,2024,12,6,286,1,9.92,1.5,1,23.3
984,20,Nairobi,Kenya,2024,8,2,141,0,2.63,3.0,1,23.8
985,18,Melbourne,Australia,2025,3,4,378,1,13.22,4.25,2,29.1
986,16,Chicago,USA,2025,1,3,212,0,6.56,4.0,2,22.8
987,2,Houston,USA,2024,9,3,290,1,8.97,3.75,2,33.2
988,5,Kolkata,India,2025,1,3,248,0,8.0,4.0,1,21.5
989,25,Kolkata,India,2024,10,4,452,2,13.16,3.5,3,41.7
990,14,Delhi,India,2025,3,5,404,1,16.82,4.5,1,26.6
991,18,Delhi,India,2024,10,11,1092,0,35.64,3.88,4,25.4
992,24,Ahmedabad,India,2024,12,3,294,1,7.12,3.0,1,39.2
993,24,Kolkata,India,2024,12,2,150,0,4.8,3.5,1,22.2
994,10,Bengaluru,India,2024,12,3,221,0,6.67,3.5,2,20.4
995,23,Kolkata,India,2025,3,7,548,2,15.57,3.67,3,32.7
996,7,Los Angeles,USA,2025,1,7,298,1,9.58,2.5,4,21.3
997,3,New York,USA,2025,4,7,709,0,22.45,4.25,2,23.8
998,2,Delhi,India,2024,10,13,1316,1,38.72,4.7,5,30.5
999,10,Toronto,Canada,2024,7,3,280,0,7.44,4.0,1,25.5
1000,23,Hyderabad,India,2025,4,15,1226,3,31.74,3.83,6,34.3
1001,1,Bengaluru,India,2025,2,21,2143,1,74.99,4.06,8,35.8
1002,7,Dubai,UAE,2024,12,3,132,0,4.17,2.5,2,15.9
1003,5,Nairobi,Kenya,2024,11,2,179,1,5.4,4.0,1,37.8
1004,3,Toronto,Canada,2025,1,5,470,1,11.65,4.5,2,27.4
1005,18,Delhi,India,2025,1,5,481,2,13.06,3.62,4,34.3
1006,18,Houston,USA,2024,10,5,526,1,13.79,4.88,4,30.2
1007,6,Toronto,Canada,2025,4,7,374,0,12.35,3.0,3,19.7
1008,17,Hyderabad,India,2025,4,3,169,0,4.53,4.33,3,21.1
1009,8,Pune,India,2025,3,4,122,0,4.82,2.25,2,12.0
1010,22,Hyderabad,India,2025,2,7,698,2,17.9,4.0,2,36.3
1011,3,Dubai,UAE,2025,3,2,233,0,4.77,,0,24.9
1012,16,Hyderabad,India,2025,3,5,358,0,11.41,4.0,1,23.9
1013,25,Ahmedabad,India,2024,9,3,279,0,11.23,4.0,2,21.9
1014,25,Los Angeles,USA,2024,8,3,307,1,10.42,,0,33.9
1015,22,Kolkata,India,2025,1,7,565,0,22.44,4.25,2,23.0
1016,15,Los Angeles,USA,2025,4,23,2018,4,50.07,3.93,7,36.5
1017,10,Chennai,India,2024,9,2,120,0,4.25,3.5,1,16.5
1018,21,Toronto,Canada,2025,3,7,774,2,18.92,4.33,3,32.8
1019,21,Bengaluru,India,2025,3,4,457,0,10.42,5.0,1,23.7
1020,2,Los Angeles,USA,2024,12,5,501,0,15.05,4.25,2,24.8
1021,4,Melbourne,Australia,2025,2,7,609,1,19.3,4.0,2,31.3
1022,3,Ahmedabad,India,2025,4,5,487,0,12.06,4.67,3,22.2
1023,10,Delhi,India,2024,11,8,690,1,23.26,3.67,3,29.4
1024,1,Dubai,UAE,2025,3,10,1024,4,28.37,4.5,5,42.0
1025,14,Mumbai,India,2025,2,6,691,0,14.53,4.0,1,29.0
1026,1,Pune,India,2025,1,19,2060,0,59.93,4.1,5,35.2
1027,24,Hyderabad,India,2025,3,3,200,1,5.33,4.5,1,30.2
1028,12,Mumbai,India,2024,12,4,295,0,8.2,3.5,1,23.3
1029,16,London,UK,2025,2,5,315,1,9.33,3.3,5,27.3
1030,18,Hyderabad,India,2024,11,8,857,1,18.72,5.0,1,29.6
1031,12,Mumbai,India,2025,2,5,383,0,11.93,3.67,3,24.5
1032,15,Mumbai,India,2025,3,32,2919,7,76.86,3.73,11,42.4
1033,21,Sydney,Australia,2025,3,2,224,0,4.77,4.0,1,22.5
1034,23,Los Angeles,USA,2025,2,9,699,2,21.45,3.0,2,31.4
1035,5,Pune,India,2024,9,3,268,0,8.85,,0,23.2
1036,18,Los Angeles,USA,2025,3,7,721,0,20.71,3.5,3,24.6
1037,16,Pune,India,2025,2,2,146,0,4.65,3.5,2,23.1
1038,23,New York,USA,2025,2,7,574,1,17.54,3.67,3,29.4
1039,10,Pune,India,2024,12,2,209,0,5.72,,0,28.1
1040,14,Mumbai,India,2025,1,4,388,2,9.71,,0,39.0
1041,22,Mumbai,India,2024,11,13,1022,4,38.05,3.67,3,34.1
1042,16,Delhi,India,2025,2,4,275,3,8.21,4.0,1,45.1
1043,24,Delhi,India,2024,12,4,289,0,7.57,3.5,2,22.2
1044,2,Houston,USA,2025,1,4,313,0,10.31,4.5,1,19.4
1045,25,Pune,India,2024,11,4,309,1,13.64,,0,26.3
1046,22,Pune,India,2025,1,6,522,0,14.44,3.0,2,24.1
1047,3,Melbourne,Australia,2025,4,2,204,0,6.19,4.0,2,21.9
1048,3,Houston,USA,2025,1,7,800,1,20.13,5.0,2,30.7
1049,10,Los Angeles,USA,2024,10,2,201,1,5.39,3.5,1,42.0
1050,6,Pune,India,2025,4,9,459,1,16.02,2.88,4,23.0
1051,14,Chicago,USA,2024,9,3,350,0,8.33,3.75,2,28.1
1052,24,New York,USA,2025,2,5,438,1,12.97,3.67,3,33.0
1053,2,New York,USA,2025,4,2,176,0,6.32,4.25,2,20.8
1054,22,Sydney,Australia,2025,4,2,175,1,4.83,3.5,1,37.7
1055,5,Mumbai,India,2025,1,5,488,3,15.79,4.5,2,44.0
1056,16,Houston,USA,2024,12,4,263,0,8.55,3.75,2,21.7
1057,24,Mumbai,India,2025,2,5,416,0,10.02,4.5,1,25.8
1058,12,Chennai,India,2024,12,4,266,1,9.29,3.25,2,28.7
1059,18,Toronto,Canada,2025,3,3,305,0,7.47,,0,22.7
1060,17,Los Angeles,USA,2025,1,2,101,1,2.93,,0,33.6
1061,5,Chennai,India,2024,12,5,520,1,17.69,4.0,2,33.6
1062,20,Pune,India,2024,9,6,318,1,7.67,2.4,5,24.7
1063,20,Singapore,Singapore,2024,8,3,135,0,4.78,,0,15.9
1064,5,Sydney,Australia,2025,1,4,384,1,12.4,,0,32.7
1065,8,Melbourne,Australia,2025,1,3,88,0,4.61,2.75,2,11.2
1066,23,Toronto,Canada,2025,2,6,463,0,13.92,,0,23.4
1067,21,Hyderabad,India,2025,3,3,327,0,8.83,4.0,1,22.3
1068,10,Mumbai,India,2025,1,9,698,2,26.86,3.5,4,30.5
1069,18,Houston,USA,2025,2,4,413,0,9.81,4.33,3,23.4
1070,14,Los Angeles,USA,2025,1,3,321,1,7.43,3.5,2,35.9
1071,8,Chicago,USA,2025,3,8,438,1,13.18,2.3,5,25.6
1072,23,Ahmedabad,India,2025,2,6,461,1,13.98,3.67,3,28.4
1073,24,Manchester,UK,2025,2,3,252,1,5.53,3.0,1,35.2
1074,2,Bengaluru,India,2024,9,4,379,1,11.25,4.2,5,30.6
1075,4,Pune,India,2025,3,8,633,0,21.53,3.5,4,25.2
1076,16,Pune,India,2025,4,5,314,1,12.7,2.5,2,27.2
1077,4,Ahmedabad,India,2025,3,8,583,2,17.06,4.33,3,30.9
1078,3,Chennai,India,2024,11,3,300,0,9.43,,0,21.9
1079,3,Houston,USA,2025,3,7,792,0,17.44,4.5,1,26.2
1080,6,Chicago,USA,2025,3,9,521,1,13.45,3.17,3,25.2
1081,17,Mumbai,India,2025,2,5,346,0,10.07,5.0,2,26.4
1082,23,Singapore,Singapore,2025,3,5,410,0,14.77,4.5,1,24.4
1083,3,Nairobi,Kenya,2025,4,3,347,0,8.07,4.75,2,25.1
1084,22,Chennai,India,2025,2,4,368,1,14.17,3.5,1,32.1
1085,22,Chicago,USA,2024,11,8,724,1,23.71,4.0,2,29.6
1086,22,Dubai,UAE,2024,11,4,282,1,12.57,3.5,1,26.7
1087,23,Melbourne,Australia,2025,3,5,357,1,10.98,3.67,3,27.5
1088,3,Houston,USA,2025,4,2,237,0,5.35,4.5,2,25.3
1089,16,Hyderabad,India,2025,1,4,290,1,10.14,3.0,1,31.3
1090,11,Hyderabad,India,2025,4,8,752,1,24.16,5.0,1,29.2
1091,18,Delhi,India,2024,11,7,776,2,21.69,3.67,3,34.8
1092,18,New York,USA,2025,4,4,466,0,11.81,4.0,2,26.2
1093,12,Manchester,UK,2025,1,2,146,0,5.23,4.0,1,22.3
1094,24,Ahmedabad,India,2025,2,8,604,1,17.98,2.5,1,28.5
1095,3,Bengaluru,India,2025,2,11,1233,2,30.31,4.5,3,33.0
1096,3,Hyderabad,India,2025,2,4,426,1,12.36,3.75,2,31.1
1097,22,Houston,USA,2025,3,4,334,2,9.67,4.0,2,37.5
1098,23,Pune,India,2025,4,17,1327,3,48.48,3.8,5,33.4
1099,14,Los Angeles,USA,2025,2,2,165,0,6.35,3.5,1,19.8
1100,17,Kolkata,India,2025,3,3,197,2,4.53,3.5,2,44.4
1101,16,New York,USA,2025,4,3,194,0,5.47,4.0,2,21.0
1102,12,New York,USA,2025,1,6,449,1,12.9,4.25,2,29.4
1103,18,Dubai,UAE,2025,2,2,199,1,5.47,,0,36.8
1104,5,Manchester,UK,2025,4,4,364,0,11.6,3.75,2,24.0
1105,18,New York,USA,2025,2,6,648,0,13.82,4.0,3,25.2
1106,16,Pune,India,2025,3,3,206,0,5.37,4.5,1,22.2
1107,20,Chicago,USA,2024,9,2,85,2,2.52,2.0,1,44.7
1108,5,Dubai,UAE,2024,12,2,139,0,5.63,4.0,1,17.9
1109,18,Pune,India,2025,4,7,686,1,19.4,4.33,3,27.8
1110,4,Dubai,UAE,2025,4,6,534,1,17.58,4.5,1,32.1
1111,25,Kolkata,India,2024,12,3,284,0,7.76,,0,22.2
1112,21,Ahmedabad,India,2025,3,8,1003,0,23.14,4.75,4,27.5
1113,11,New York,USA,2025,4,8,646,0,22.49,4.0,2,22.3
1114,24,Toronto,Canada,2025,2,7,555,2,17.55,3.5,4,34.0
1115,16,Los Angeles,USA,2024,12,3,213,0,6.63,3.75,2,22.9
1116,18,Houston,USA,2025,4,2,197,0,4.75,4.0,1,21.6
1117,19,Melbourne,Australia,2025,4,29,2815,5,99.62,3.83,12,40.1
1118,2,Mumbai,India,2025,2,8,798,1,23.81,4.0,4,29.6
1119,5,Bengaluru,India,2024,11,5,456,1,12.28,3.0,2,30.4
1120,25,London,UK,2024,7,3,321,0,10.02,3.5,1,25.0
1121,18,New York,USA,2025,1,6,642,0,19.41,3.67,3,25.0
1122,3,Hyderabad,India,2025,4,6,680,2,16.29,4.33,3,35.8
1123,6,London,UK,2025,3,9,444,0,11.83,2.62,4,19.2
1124,24,Hyderabad,India,2025,1,11,769,1,24.24,4.67,3,27.1
1125,7,Sydney,Australia,2025,2,2,94,0,2.77,2.5,2,16.5
1126,1,Sydney,Australia,2025,4,7,700,2,23.75,4.83,3,36.8
1127,25,New York,USA,2025,3,3,279,0,10.45,,0,21.9
1128,14,Delhi,India,2024,7,4,418,0,13.8,,0,25.7
1129,2,Mumbai,India,2025,1,6,596,1,21.77,4.5,2,30.0
1130,2,Toronto,Canada,2025,3,4,417,0,14.42,3.83,3,25.3
1131,16,Houston,USA,2025,2,5,404,2,12.43,3.5,2,38.7
1132,25,Mumbai,India,2025,1,7,608,1,22.96,4.0,3,26.4
1133,25,Dubai,UAE,2024,10,2,164,0,7.55,,0,19.0
1134,4,Delhi,India,2025,2,10,796,1,20.96,3.5,3,29.1
1135,17,Mumbai,India,2025,3,6,350,2,10.84,4.67,3,33.0
1136,24,Hyderabad,India,2025,4,6,378,1,11.55,3.67,3,25.4
1137,23,Houston,USA,2025,4,7,526,0,21.19,3.67,3,23.3
1138,22,Kolkata,India,2024,11,5,473,2,12.31,4.0,1,37.6
1139,6,Houston,USA,2025,4,6,317,1,7.48,1.5,1,24.1
1140,23,Bengaluru,India,2025,2,15,1221,0,42.07,3.7,5,28.2
1141,8,Melbourne,Australia,2025,2,7,339,1,11.46,2.4,5,23.6
1142,21,Delhi,India,2025,3,12,1312,2,28.5,4.0,2,31.0
1143,18,Chicago,USA,2024,10,7,728,1,23.32,4.0,3,29.1
1144,15,Toronto,Canada,2025,4,9,807,3,25.82,2.88,4,36.2
1145,3,Bengaluru,India,2025,3,8,918,1,24.23,3.8,5,30.7
1146,25,Toronto,Canada,2025,2,3,254,1,9.56,3.5,1,30.0
1147,10,Chicago,USA,2024,10,5,436,1,13.87,4.5,1,30.7
1148,18,Bengaluru,India,2025,3,5,514,1,12.01,4.17,3,29.7
1149,17,Melbourne,Australia,2025,3,3,181,0,4.83,3.5,1,22.5
1150,22,Ahmedabad,India,2024,12,4,331,1,11.49,4.0,2,29.8
1151,10,Ahmedabad,India,2024,8,3,275,0,7.74,4.0,1,25.1
1152,5,London,UK,2024,9,2,218,1,6.16,4.0,1,42.6
1153,3,Manchester,UK,2025,3,3,376,1,7.97,4.0,1,37.1
1154,14,Pune,India,2025,2,2,162,1,5.12,5.0,1,34.5
1155,24,Delhi,India,2025,2,6,485,1,12.11,3.25,2,30.5
1156,22,London,UK,2025,1,9,806,2,25.45,4.0,3,32.7
1157,22,Sydney,Australia,2025,2,2,163,0,6.16,3.5,1,21.2
1158,22,Bengaluru,India,2024,11,6,566,2,18.02,4.0,4,36.0
1159,25,Kolkata,India,2024,8,4,446,1,12.22,3.5,1,33.9
1160,4,Singapore,Singapore,2025,4,5,387,1,15.29,3.25,2,29.5
1161,10,Pune,India,2024,8,2,178,0,6.23,3.5,1,24.0
1162,22,Melbourne,Australia,2024,11,3,266,1,10.27,5.0,1,33.4
1163,5,Delhi,India,2024,11,7,579,0,22.89,3.5,3,23.1
1164,14,Bengaluru,India,2024,11,3,269,0,8.23,4.25,2,21.9
1165,14,Bengaluru,India,2024,8,6,588,0,18.79,4.25,2,25.0
1166,24,Mumbai,India,2024,12,3,220,0,6.74,3.5,1,22.2
1167,25,Sydney,Australia,2024,7,3,337,0,8.71,4.5,1,26.2
1168,2,New York,USA,2024,8,2,167,1,6.25,4.5,1,34.8
1169,14,Sydney,Australia,2025,2,2,117,1,5.56,4.0,1,29.3
1170,10,Mumbai,India,2024,12,9,790,1,25.35,4.25,4,29.8
1171,5,Delhi,India,2025,3,6,584,0,17.71,3.5,2,26.3
1172,22,Delhi,India,2024,11,8,660,0,28.58,3.83,3,23.8
1173,25,Ahmedabad,India,2025,2,2,184,0,6.33,,0,21.2
1174,5,Sydney,Australia,2025,2,4,335,0,9.63,3.25,2,22.2
1175,10,Houston,USA,2025,2,2,156,0,5.68,4.0,1,21.1
1176,17,Ahmedabad,India,2025,1,3,161,1,6.37,,0,30.1
1177,8,Manchester,UK,2025,3,2,74,0,2.69,3.0,1,13.4
1178,3,Chennai,India,2024,12,4,316,0,9.35,,0,17.9
1179,25,Delhi,India,2024,7,4,372,0,12.83,3.25,2,22.3
1180,10,Kolkata,India,2024,10,6,507,0,13.39,3.5,1,24.4
1181,14,Pune,India,2025,4,3,276,0,9.8,4.0,2,22.4
1182,10,Kolkata,India,2024,9,3,247,0,6.83,4.5,1,22.7
1183,13,Manchester,UK,2025,3,10,1135,3,30.26,4.38,4,37.3
1184,16,Mumbai,India,2025,2,7,520,2,16.73,3.75,4,34.1
1185,18,Singapore,Singapore,2025,3,2,191,0,5.38,,0,21.0
1186,1,Melbourne,Australia,2025,2,7,745,0,22.15,4.17,3,29.9
1187,12,Dubai,UAE,2025,3,3,196,0,6.23,3.5,2,20.4
1188,3,Mumbai,India,2025,2,7,712,0,16.72,4.25,2,23.8
1189,22,Singapore,Singapore,2025,4,7,491,2,22.29,3.67,3,28.9
1190,10,Singapore,Singapore,2024,12,3,253,0,8.66,3.5,1,23.2
1191,2,Manchester,UK,2024,10,2,175,1,7.62,3.5,2,35.7
1192,18,Bengaluru,India,2025,2,3,298,0,9.7,3.5,1,22.2
1193,22,Pune,India,2025,3,5,432,2,12.54,,0,35.6
1194,20,Ahmedabad,India,2024,9,2,99,0,3.41,,0,16.9
1195,10,Houston,USA,2024,9,4,373,0,9.31,4.0,1,25.9
1196,8,Delhi,India,2025,1,2,97,0,3.56,,0,17.3
1197,2,Kolkata,India,2024,8,5,584,0,16.91,4.0,3,28.5
1198,2,Los Angeles,USA,2024,10,2,211,0,6.63,5.0,1,24.8
1199,6,Manchester,UK,2025,3,3,115,0,4.29,2.5,2,13.3
1200,12,Melbourne,Australia,2025,1,5,367,1,13.06,3.67,3,29.6
1201,1,Hyderabad,India,2025,2,13,1348,2,35.69,4.5,5,36.2
1202,10,Pune,India,2024,10,3,189,1,7.4,,0,27.6
1203,24,New York,USA,2025,3,4,243,0,10.3,3.25,2,19.0
1204,10,Ahmedabad,India,2025,3,3,223,0,8.51,,0,20.6
1205,13,Nairobi,Kenya,2025,4,6,599,2,22.69,4.25,2,33.8
1206,2,Dubai,UAE,2025,3,3,344,1,8.24,4.0,1,37.3
1207,24,Nairobi,Kenya,2025,3,3,245,1,6.31,4.5,1,34.5
1208,18,Sydney,Australia,2024,11,2,195,0,4.85,4.0,1,21.4
1209,12,Melbourne,Australia,2025,4,3,220,0,6.33,3.5,1,22.8
1210,2,Kolkata,India,2025,1,3,251,0,10.42,4.5,1,20.2
1211,12,Chicago,USA,2024,12,2,181,0,4.99,3.0,1,27.4
1212,11,London,UK,2025,4,17,1632,1,49.24,3.94,9,31.2
1213,22,Manchester,UK,2025,1,3,226,0,8.81,3.33,3,20.0
1214,2,Sydney,Australia,2024,10,5,527,0,17.59,,0,26.0
1215,14,Singapore,Singapore,2024,11,2,150,0,5.75,4.0,2,18.1
1216,7,Chicago,USA,2025,2,2,86,0,2.56,2.83,3,15.1
1217,5,Chicago,USA,2025,4,3,245,1,7.38,4.5,1,31.3
1218,2,Bengaluru,India,2025,4,6,590,0,18.96,4.0,3,24.7
1219,1,Singapore,Singapore,2025,4,16,1634,3,47.73,4.45,10,38.0
1220,10,Hyderabad,India,2024,12,4,349,1,11.69,,0,31.9
1221,1,Sydney,Australia,2025,2,7,708,0,24.68,4.0,5,28.5
1222,10,New York,USA,2024,10,3,230,2,8.3,3.5,1,41.2
1223,22,Manchester,UK,2024,12,4,301,2,11.77,3.0,1,35.4
1224,2,Sydney,Australia,2024,11,2,203,0,6.2,3.0,1,23.9
1225,14,Chennai,India,2024,7,4,438,0,11.58,4.0,1,26.9
1226,3,Mumbai,India,2024,11,7,709,2,21.77,4.5,3,32.3
1227,12,Sydney,Australia,2025,3,5,355,0,9.71,3.75,2,22.9
1228,11,Melbourne,Australia,2025,4,8,774,2,22.25,4.0,3,33.6
1229,15,Nairobi,Kenya,2025,4,6,554,1,16.59,3.75,2,30.7
1230,22,Manchester,UK,2025,4,2,153,0,6.54,4.0,2,19.9
1231,5,Delhi,India,2025,2,5,458,1,14.3,4.5,2,30.5
1232,2,Ahmedabad,India,2024,8,2,215,0,6.15,,0,25.2
1233,4,Bengaluru,India,2025,3,17,1304,3,39.68,4.29,7,33.4
1234,17,London,UK,2025,4,7,430,1,13.33,4.67,3,28.8
1235,25,Mumbai,India,2024,9,7,682,1,23.17,3.5,3,28.7
1236,4,Sydney,Australia,2025,2,7,612,2,15.89,4.25,2,35.7
1237,14,Chicago,USA,2024,8,4,392,1,12.77,3.25,2,31.7
1238,12,Chicago,USA,2025,3,2,157,0,4.62,4.5,1,23.9
1239,24,Ahmedabad,India,2025,3,3,215,0,6.32,4.0,1,21.7
1240,12,Houston,USA,2025,3,4,325,0,8.9,3.25,2,25.5
1241,25,Delhi,India,2024,10,5,467,1,17.43,3.5,1,28.8
1242,5,Delhi,India,2025,4,8,738,1,26.81,4.3,5,29.6
1243,17,Houston,USA,2025,3,2,135,1,3.04,3.5,1,39.6
1244,16,Singapore,Singapore,2025,1,5,359,0,9.73,4.17,3,24.0
1245,2,Hyderabad,India,2025,2,3,321,0,9.11,4.75,2,25.5
1246,9,Dubai,UAE,2025,4,17,1703,2,49.17,4.5,3,32.1
1247,2,Chicago,USA,2025,4,5,445,0,15.96,4.0,2,22.2
1248,5,Chicago,USA,2025,2,2,161,0,5.21,4.0,1,20.6
1249,16,Chicago,USA,2025,3,4,287,0,8.83,4.33,3,23.6
1250,2,Melbourne,Australia,2025,3,2,197,0,7.34,4.5,1,23.2
1251,16,New York,USA,2024,11,5,383,2,11.49,4.33,3,37.4
1252,5,Houston,USA,2025,3,4,368,1,10.86,4.5,2,31.7
1253,14,New York,USA,2025,4,7,624,1,22.68,4.17,3,27.7
1254,7,London,UK,2024,12,4,164,1,5.29,2.5,1,22.8
1255,2,Chennai,India,2024,11,4,479,1,15.23,4.75,2,36.3
1256,10,Bengaluru,India,2025,4,6,502,0,16.68,,0,24.2
1257,6,Houston,USA,2025,3,4,220,0,6.03,3.0,1,19.0
1258,22,Bengaluru,India,2025,3,6,537,0,16.8,4.17,3,24.8
1259,22,Singapore,Singapore,2024,11,4,376,3,10.72,3.5,3,47.6
1260,12,Delhi,India,2024,12,5,364,0,13.18,5.0,1,23.4
1261,2,Sydney,Australia,2024,9,3,220,0,11.12,4.5,3,17.9
1262,5,Houston,USA,2025,1,3,271,0,7.25,4.5,1,23.4
1263,18,Singapore,Singapore,2025,4,2,258,0,5.8,,0,28.1
1264,12,Los Angeles,USA,2025,1,2,160,1,4.22,,0,39.3
1265,25,Ahmedabad,India,2024,10,4,420,0,15.15,3.67,3,24.9
1266,24,New York,USA,2025,4,10,733,1,23.32,4.0,5,27.9
1267,3,Melbourne,Australia,2025,2,2,200,0,5.67,,0,21.5
1268,17,Los Angeles,USA,2025,3,3,182,0,5.22,5.0,1,22.6
1269,25,Pune,India,2025,4,2,196,1,6.39,,0,37.6
1270,3,London,UK,2025,2,8,898,4,22.61,,0,41.4
1271,14,Bengaluru,India,2024,6,2,209,0,6.18,4.0,1,24.9
1272,18,Toronto,Canada,2024,10,8,801,2,21.9,4.0,2,31.9
1273,2,London,UK,2025,1,5,579,1,13.96,3.5,1,34.3
1274,18,Melbourne,Australia,2024,11,3,292,1,9.37,,0,31.8
1275,8,Dubai,UAE,2025,2,2,59,0,3.32,2.75,2,10.9
1276,10,Melbourne,Australia,2024,8,3,200,1,8.17,,0,28.6
1277,1,Nairobi,Kenya,2025,1,8,845,2,20.88,4.38,4,37.6
1278,8,Mumbai,India,2025,1,3,159,0,4.92,2.5,1,19.3
1279,5,Sydney,Australia,2025,4,5,423,2,12.7,4.25,2,34.8
1280,3,Delhi,India,2025,2,6,650,1,15.58,4.42,6,29.8
1281,14,Mumbai,India,2025,3,5,472,1,12.18,4.0,1,29.8
1282,7,Los Angeles,USA,2024,12,7,274,1,11.72,3.25,2,20.1
1283,22,Toronto,Canada,2024,12,8,796,0,20.98,3.5,3,28.1
1284,21,Dubai,UAE,2025,4,11,1146,1,28.02,4.0,2,27.3
1285,2,Los Angeles,USA,2024,8,2,209,0,6.46,4.5,2,24.6
1286,8,Houston,USA,2025,3,3,147,1,5.03,,0,27.9
1287,5,Chennai,India,2025,2,5,435,0,15.4,3.83,3,23.4
1288,25,Melbourne,Australia,2025,4,3,315,0,8.19,,0,24.5
1289,3,New York,USA,2025,1,7,759,2,22.56,4.25,4,33.8
1290,25,Sydney,Australia,2024,12,2,208,0,7.53,,0,23.9
1291,14,Hyderabad,India,2025,3,3,356,0,7.24,,0,28.6
1292,6,Melbourne,Australia,2025,3,3,126,0,5.17,3.0,2,14.5
1293,3,Houston,USA,2024,12,4,447,0,11.82,4.88,4,24.7
1294,1,Delhi,India,2025,2,28,2814,1,102.52,4.5,5,37.8
1295,6,Kolkata,India,2025,4,2,77,1,2.84,2.5,1,28.0
1296,18,Toronto,Canada,2025,1,5,517,2,11.55,4.25,2,35.8
1297,8,Mumbai,India,2025,2,12,615,0,16.41,2.58,6,22.3
1298,7,Manchester,UK,2025,1,2,96,1,2.6,2.5,1,31.8
1299,16,Toronto,Canada,2025,4,3,235,0,6.79,3.0,1,25.2
1300,5,Nairobi,Kenya,2025,2,3,292,0,8.38,4.0,1,25.1
1301,2,Pune,India,2025,1,3,211,0,10.47,3.75,2,17.2
1302,11,New York,USA,2025,1,2,178,0,4.92,4.5,1,21.8
1303,2,Toronto,Canada,2024,8,2,185,0,6.98,3.5,1,21.8
1304,17,New York,USA,2025,4,2,117,0,3.88,3.75,2,21.4
1305,22,Ahmedabad,India,2025,3,6,546,1,19.89,3.5,1,30.1
1306,3,Delhi,India,2025,4,10,1073,1,23.07,3.88,4,29.2
1307,10,Mumbai,India,2024,8,2,201,0,4.3,4.5,1,27.0
1308,11,Manchester,UK,2025,4,9,848,1,22.93,4.0,5,29.2
1309,3,Bengaluru,India,2025,4,10,1068,0,26.9,4.36,7,26.1
1310,7,Delhi,India,2024,12,6,327,1,8.35,3.0,2,25.6
1311,25,Chennai,India,2025,1,6,607,0,17.99,,0,24.9
1312,5,Mumbai,India,2024,10,10,810,1,29.81,4.25,4,26.9
1313,14,Melbourne,Australia,2025,4,2,178,0,6.36,3.5,1,21.3
1314,25,Manchester,UK,2024,10,3,289,0,9.85,,0,22.6
1315,25,Los Angeles,USA,2025,1,4,406,0,12.72,4.0,1,24.2
1316,3,Pune,India,2024,12,3,343,1,7.16,4.5,1,34.9
1317,14,Singapore,Singapore,2024,8,3,233,0,8.83,3.25,2,19.1
1318,12,Bengaluru,India,2025,4,6,412,0,12.92,3.4,5,22.6
1319,5,Delhi,India,2024,12,8,781,2,26.87,4.17,3,34.7
1320,8,Bengaluru,India,2025,2,10,542,1,15.87,2.33,6,25.5
1321,3,Ahmedabad,India,2025,3,3,316,0,8.11,4.33,3,23.0
1322,8,Nairobi,Kenya,2025,2,2,103,1,3.13,3.0,2,33.4
1323,2,Houston,USA,2024,10,2,182,0,7.24,4.75,2,21.5
1324,22,Los Angeles,USA,2025,1,4,379,0,12.92,4.0,3,25.3
1325,25,Houston,USA,2024,7,2,196,1,6.18,4.5,1,37.6
1326,20,Ahmedabad,India,2024,8,2,85,0,3.53,,0,14.7
1327,10,Ahmedabad,India,2024,11,5,448,0,14.71,4.0,1,25.4
1328,9,Nairobi,Kenya,2025,4,6,642,3,20.12,4.12,4,40.7
1329,5,Bengaluru,India,2025,2,5,424,2,14.77,3.62,4,34.9
1330,5,Melbourne,Australia,2025,4,2,159,1,4.86,,0,35.3
1331,12,Kolkata,India,2025,4,2,114,0,4.04,4.0,2,17.6
1332,18,Dubai,UAE,2025,1,3,279,2,8.01,,0,40.8
1333,3,Pune,India,2025,1,9,1056,3,26.45,4.25,4,37.9
1334,25,Bengaluru,India,2024,8,5,510,0,14.63,3.17,3,24.7
1335,17,Toronto,Canada,2025,2,2,129,0,3.75,4.0,1,23.6
1336,24,Dubai,UAE,2025,4,3,183,0,6.91,3.0,1,18.6
1337,10,Chennai,India,2025,4,4,353,1,9.12,2.5,1,32.1
1338,14,Sydney,Australia,2024,8,2,156,1,5.72,3.75,2,33.8
1339,18,Melbourne,Australia,2025,4,2,206,0,4.51,,0,22.6
1340,18,Kolkata,India,2024,10,4,380,0,12.49,4.0,2,21.7
1341,5,Mumbai,India,2025,4,8,748,0,25.87,4.6,5,26.2
1342,3,Dubai,UAE,2025,2,6,661,0,13.6,4.0,2,25.2
1343,23,Singapore,Singapore,2025,2,3,247,0,9.27,3.75,2,23.7
1344,18,Chicago,USA,2024,11,2,193,0,5.43,,0,21.2
1345,20,Chennai,India,2024,8,4,224,0,5.58,3.0,1,19.9
1346,12,New York,USA,2024,12,4,286,0,9.34,3.5,1,22.6
1347,21,Pune,India,2025,3,7,790,0,22.6,4.25,4,24.6
1348,21,Dubai,UAE,2025,3,3,312,1,8.83,4.5,1,31.3
1349,23,Chennai,India,2025,3,5,432,1,15.02,3.5,2,31.6
1350,20,Chicago,USA,2024,8,4,204,0,5.5,2.5,3,18.2
1351,16,Manchester,UK,2024,11,3,187,0,6.42,4.0,2,20.3
1352,2,Nairobi,Kenya,2024,11,2,194,1,6.71,3.5,1,37.8
1353,5,New York,USA,2024,10,4,367,0,12.96,4.0,2,24.2
1354,10,Hyderabad,India,2024,9,3,284,1,6.79,4.0,1,35.9
1355,10,Toronto,Canada,2025,3,3,267,1,8.55,4.0,3,34.4
1356,8,Sydney,Australia,2025,2,3,120,1,4.63,3.25,2,24.8
1357,24,Pune,India,2025,2,3,250,0,6.38,3.0,1,25.0
1358,25,Hyderabad,India,2024,8,2,178,0,6.17,,0,20.6
1359,20,Chennai,India,2024,9,6,270,1,10.34,2.0,1,22.1
1360,22,Toronto,Canada,2025,3,7,652,1,19.32,3.38,4,30.4
1361,4,Chennai,India,2025,3,8,550,1,23.8,3.5,1,26.0
1362,12,Singapore,Singapore,2024,12,2,185,0,4.29,,0,28.0
1363,5,London,UK,2024,10,6,634,2,21.06,4.17,3,38.4
1364,12,Hyderabad,India,2025,2,5,329,2,12.75,4.33,3,33.4
1365,6,Delhi,India,2025,4,13,653,3,21.17,2.88,4,28.0
1366,8,Pune,India,2025,2,6,272,1,8.38,2.67,3,22.9
1367,24,Chennai,India,2025,1,4,347,0,7.49,,0,26.4
1368,6,New York,USA,2025,4,10,567,1,12.68,2.6,5,24.9
1369,2,Ahmedabad,India,2024,9,5,499,1,14.26,4.5,1,30.7
1370,17,Sydney,Australia,2025,3,4,255,0,7.2,4.0,2,24.1
1371,14,New York,USA,2024,11,3,344,0,7.73,4.25,2,27.7
1372,18,Kolkata,India,2025,3,5,569,1,14.35,,0,32.0
1373,25,Chennai,India,2024,11,4,378,1,15.29,4.0,1,30.1
1374,7,Toronto,Canada,2024,12,4,228,0,6.68,3.0,1,20.6
1375,12,Chennai,India,2025,1,3,191,1,5.74,4.0,1,29.9
1376,25,Bengaluru,India,2024,11,3,342,0,8.33,3.0,1,26.5
1377,10,Hyderabad,India,2024,7,2,167,0,4.43,4.0,1,22.6
1378,10,New York,USA,2024,8,3,239,0,7.7,3.5,1,22.0
1379,1,Los Angeles,USA,2025,4,15,1549,0,45.91,4.75,4,32.3
1380,5,Kolkata,India,2024,9,3,262,1,7.69,3.0,1,32.7
1381,20,Kolkata,India,2024,8,3,182,0,4.11,2.0,1,21.0
1382,24,Manchester,UK,2025,3,3,230,1,7.66,3.75,2,33.1
1383,25,Melbourne,Australia,2025,1,3,327,1,10.47,3.5,1,35.4
1384,16,Houston,USA,2025,1,4,274,0,8.11,3.5,1,22.6
1385,17,Singapore,Singapore,2025,1,2,86,0,3.1,,0,16.0
1386,18,London,UK,2025,1,2,189,0,5.05,,0,20.8
1387,22,Melbourne,Australia,2025,3,2,170,1,5.86,,0,37.0
1388,12,Ahmedabad,India,2025,4,2,137,0,3.74,3.5,2,20.9
1389,10,Chicago,USA,2025,4,4,343,0,11.83,4.5,3,24.0
1390,14,Melbourne,Australia,2024,12,3,251,1,8.37,3.5,1,30.5
1391,5,Toronto,Canada,2024,9,3,224,0,7.85,3.5,1,19.6
1392,17,Bengaluru,India,2025,2,5,299,0,8.45,4.5,1,23.1
1393,2,Houston,USA,2025,4,3,333,1,8.11,4.5,1,36.4
1394,17,Pune,India,2025,1,6,369,2,12.8,4.0,3,34.1
1395,12,New York,USA,2025,2,2,143,1,4.69,3.5,1,36.8
1396,24,London,UK,2025,4,3,259,0,5.59,,0,25.9
1397,16,New York,USA,2025,2,3,202,0,6.8,4.25,2,21.8
1398,5,New York,USA,2024,11,8,727,0,26.48,4.0,3,25.5
1399,5,Los Angeles,USA,2025,4,4,327,0,14.29,4.0,2,21.7
1400,22,Singapore,Singapore,2024,12,3,284,0,9.35,3.5,1,24.9
1401,2,Hyderabad,India,2024,9,3,244,1,11.19,4.25,2,29.7
1402,23,Pune,India,2025,3,6,418,1,13.61,5.0,1,26.4
1403,24,Los Angeles,USA,2025,1,4,312,0,8.49,3.0,1,23.9
1404,14,New York,USA,2025,1,5,449,1,13.86,4.17,3,28.7
1405,18,Delhi,India,2025,2,3,298,2,9.68,3.5,1,42.2
1406,18,Pune,India,2024,11,2,266,0,5.71,5.0,1,28.9
1407,16,Chennai,India,2025,1,3,246,0,6.0,3.25,2,26.3
1408,12,New York,USA,2025,4,4,258,0,10.17,,0,20.6
1409,20,Houston,USA,2024,8,4,251,2,6.33,1.5,1,37.1
1410,3,Dubai,UAE,2024,12,4,407,1,10.53,4.5,1,30.2
1411,5,Chennai,India,2025,3,3,276,0,9.69,3.5,2,23.8
1412,23,Chicago,USA,2025,3,9,683,0,25.37,3.62,4,24.3
1413,8,Singapore,Singapore,2025,3,2,88,0,3.26,2.0,1,15.8
1414,14,Los Angeles,USA,2024,12,2,199,0,6.61,,0,23.8
1415,5,Nairobi,Kenya,2024,10,2,215,0,7.11,3.0,1,27.2
1416,12,Chennai,India,2025,3,3,211,0,5.59,,0,21.9
1417,5,Los Angeles,USA,2025,2,7,606,0,17.96,4.0,2,24.1
1418,16,London,UK,2024,11,2,153,0,5.09,4.0,1,24.2
1419,14,Delhi,India,2024,8,2,155,0,6.61,4.0,1,18.7
1420,1,Manchester,UK,2025,4,9,957,3,30.76,4.5,4,40.6
1421,14,Houston,USA,2024,8,3,255,0,8.88,4.0,1,20.8
1422,5,Chennai,India,2024,10,6,482,1,15.87,4.0,1,27.2
1423,25,Delhi,India,2025,1,4,343,1,10.51,4.0,1,28.2
1424,8,New York,USA,2025,1,2,77,0,3.46,,0,13.9
1425,14,New York,USA,2024,12,2,200,1,6.74,,0,38.9
1426,17,Kolkata,India,2025,4,2,122,1,4.04,3.5,1,37.3
1427,18,Los Angeles,USA,2025,2,4,385,0,12.67,3.83,3,21.9
1428,25,Melbourne,Australia,2025,3,3,280,0,8.85,3.0,1,21.9
1429,2,Pune,India,2024,10,4,432,0,13.87,4.0,1,26.1
1430,14,London,UK,2024,7,2,170,0,5.94,4.0,1,20.4
1431,14,Chennai,India,2024,12,5,482,1,12.58,4.17,3,30.2
1432,3,Sydney,Australia,2024,12,2,189,0,6.72,4.0,2,20.4
1433,10,Delhi,India,2025,3,2,157,0,4.77,5.0,1,21.3
1434,10,Houston,USA,2025,1,2,188,0,6.19,4.25,2,25.3
1435,18,Kolkata,India,2025,2,5,548,1,14.78,3.0,2,31.2
1436,3,Sydney,Australia,2025,4,3,296,1,9.27,3.75,2,31.6
1437,1,Melbourne,Australia,2025,4,5,492,0,12.95,,0,27.0
1438,2,Delhi,India,2024,11,5,521,1,16.16,3.7,5,31.7
1439,22,London,UK,2024,11,2,147,0,5.23,,0,19.2
1440,24,Los Angeles,USA,2025,3,5,376,2,10.25,3.83,3,35.5
1441,14,Ahmedabad,India,2024,9,3,298,1,8.64,4.0,1,34.1
1442,8,Toronto,Canada,2025,2,7,270,0,11.09,2.5,6,15.9
1443,3,Toronto,Canada,2025,2,2,224,1,5.96,,0,39.0
1444,10,Melbourne,Australia,2024,12,3,318,0,6.96,3.0,1,28.9
1445,3,Chennai,India,2025,4,8,973,0,23.99,3.83,3,28.4
1446,12,Houston,USA,2025,2,2,154,0,4.13,4.5,1,23.4
1447,8,Hyderabad,India,2025,3,4,179,0,6.46,3.5,1,16.9
1448,14,London,UK,2025,1,3,311,0,10.7,3.75,2,25.1
1449,14,London,UK,2024,10,4,375,2,10.73,3.5,1,38.2
1450,25,Toronto,Canada,2024,11,5,473,0,13.14,3.67,3,23.0
1451,22,New York,USA,2025,2,7,577,1,24.48,4.17,3,27.7
1452,5,Kolkata,India,2025,3,3,263,0,10.55,4.5,1,22.8
1453,14,London,UK,2024,11,5,494,2,15.93,4.5,2,36.8
1454,10,London,UK,2024,11,3,273,0,8.79,4.0,1,24.9
1455,12,New York,USA,2024,10,3,159,0,5.89,3.5,3,16.8
1456,22,Manchester,UK,2025,3,2,192,0,5.26,4.5,1,24.8
1457,22,Sydney,Australia,2024,11,2,170,0,5.13,3.5,1,22.1
1458,5,Houston,USA,2024,10,5,410,1,13.15,,0,28.2
1459,25,Singapore,Singapore,2024,9,3,335,1,10.92,4.0,1,36.0
1460,16,Los Angeles,USA,2025,2,3,219,0,7.53,4.25,2,23.5
1461,5,New York,USA,2025,2,7,693,4,19.34,3.62,4,44.3
1462,23,Chennai,India,2025,2,7,581,3,19.27,3.75,2,38.3
1463,12,London,UK,2025,1,2,147,1,4.51,4.5,1,37.4
1464,14,Houston,USA,2024,10,4,462,0,12.7,3.0,1,28.3
1465,25,London,UK,2024,8,3,298,0,7.97,4.0,1,23.3
1466,18,Manchester,UK,2024,10,4,424,0,11.57,4.0,1,24.0
1467,5,Los Angeles,USA,2024,11,3,221,0,9.59,4.5,1,19.3
1468,10,London,UK,2024,10,3,263,1,8.53,4.0,3,34.1
1469,11,Singapore,Singapore,2025,2,4,382,2,13.7,4.0,2,39.2
1470,2,Delhi,India,2024,12,9,864,1,32.37,,0,28.8
1471,17,London,UK,2025,3,3,169,0,6.06,4.0,1,21.1
1472,2,Singapore,Singapore,2025,2,3,310,0,8.91,,0,24.7
1473,25,Toronto,Canada,2024,9,3,305,1,9.88,,0,33.8
1474,16,Los Angeles,USA,2025,4,2,130,1,4.91,3.25,2,35.7
1475,22,Kolkata,India,2024,12,10,917,3,26.34,3.58,6,35.9
1476,17,Sydney,Australia,2025,2,2,111,1,3.14,4.5,1,35.4
1477,12,Pune,India,2024,10,2,124,0,3.79,4.0,2,19.0
1478,2,New York,USA,2024,9,3,292,1,9.02,4.0,1,33.3
1479,7,Mumbai,India,2025,2,2,111,0,2.69,2.75,2,19.3
1480,13,Chicago,USA,2025,3,14,1479,2,40.55,4.5,3,32.5
1481,24,Manchester,UK,2025,1,2,153,1,3.64,4.0,1,37.7
1482,16,Sydney,Australia,2024,12,5,377,0,12.83,3.25,2,25.1
1483,22,Pune,India,2025,2,4,331,0,13.34,3.25,2,22.3
1484,3,Sydney,Australia,2024,11,7,762,2,22.63,4.5,1,33.9
1485,12,Sydney,Australia,2024,11,2,157,0,4.47,,0,23.9
1486,22,Nairobi,Kenya,2025,4,2,203,0,4.91,3.5,2,26.2
1487,10,New York,USA,2024,11,3,240,1,7.03,,0,32.1
1488,2,Kolkata,India,2024,9,3,247,0,10.6,3.5,1,19.9
1489,18,Hyderabad,India,2025,1,3,316,0,8.63,4.75,2,23.5
1490,2,London,UK,2024,11,4,318,0,12.74,4.75,2,19.7
1491,24,Ahmedabad,India,2025,4,7,502,1,13.41,3.0,1,27.6
1492,3,Singapore,Singapore,2024,12,3,307,1,9.75,4.0,1,32.4
1493,4,Toronto,Canada,2025,4,11,899,0,27.84,3.83,3,27.1
1494,25,Los Angeles,USA,2024,12,7,705,2,20.11,4.5,2,33.8
1495,16,Toronto,Canada,2024,11,2,120,0,4.97,,0,19.2
1496,2,Chennai,India,2025,3,4,392,0,14.4,4.0,2,23.9
1497,21,Melbourne,Australia,2025,3,3,413,0,9.59,,0,27.8
1498,14,Mumbai,India,2024,6,6,564,0,14.55,4.25,2,24.1
1499,22,Houston,USA,2025,2,2,160,1,6.74,4.5,1,35.8
1500,16,Sydney,Australia,2025,1,4,322,1,10.48,3.5,1,33.7
1501,24,Melbourne,Australia,2025,2,3,242,0,6.59,3.5,1,24.2
1502,12,Chennai,India,2024,10,3,234,0,5.73,3.5,2,24.1
1503,14,New York,USA,2025,3,5,450,0,15.08,3.75,2,22.8
1504,18,London,UK,2025,4,3,352,1,7.35,,0,36.0
1505,10,Los Angeles,USA,2024,11,3,277,0,8.43,4.0,1,25.3
1506,12,Hyderabad,India,2024,12,2,133,0,4.5,3.5,1,20.4
1507,7,New York,USA,2024,12,7,317,0,8.93,2.5,2,17.9
1508,2,Hyderabad,India,2024,12,8,725,0,25.99,3.5,5,23.8
1509,22,Houston,USA,2025,4,2,179,0,5.56,,0,23.2
1510,17,Singapore,Singapore,2025,2,3,168,0,4.87,4.0,2,21.0
1511,20,Manchester,UK,2024,9,6,297,3,8.56,2.0,1,33.5
1512,7,Toronto,Canada,2025,1,6,276,1,8.75,2.17,3,22.7
1513,10,Sydney,Australia,2025,2,2,153,1,4.56,3.5,1,35.8
1514,7,Chicago,USA,2024,12,3,159,1,4.17,3.5,1,28.9
1515,25,Toronto,Canada,2025,1,4,374,1,15.29,4.0,2,29.9
1516,18,Manchester,UK,2024,11,2,246,1,5.89,4.5,1,41.8
1517,24,Bengaluru,India,2025,4,2,171,0,3.84,,0,25.2
1518,22,Chicago,USA,2025,2,5,350,2,12.11,4.25,2,31.5
1519,5,Dubai,UAE,2025,4,2,139,0,6.5,,0,17.9
1520,10,Sydney,Australia,2025,1,2,158,0,5.57,,0,21.4
1521,14,Hyderabad,India,2024,12,4,343,0,11.92,3.5,1,21.4
1522,17,Pune,India,2025,2,4,294,1,8.52,,0,35.0
1523,16,London,UK,2025,4,2,150,1,5.27,3.0,2,38.8
1524,25,Melbourne,Australia,2024,12,3,239,0,8.37,3.5,2,18.9
1525,10,Houston,USA,2024,11,2,177,0,4.17,3.25,2,23.9
1526,2,Bengaluru,India,2025,1,5,494,0,15.55,4.0,1,24.5
1527,17,Hyderabad,India,2025,3,3,194,0,4.35,3.67,3,24.0
1528,10,Chennai,India,2024,12,4,296,1,10.45,4.0,3,28.4
1529,8,Kolkata,India,2025,3,4,206,0,6.6,1.0,1,19.2
1530,14,Chennai,India,2024,11,2,189,0,5.4,3.5,1,22.6
1531,18,Kolkata,India,2025,1,3,344,1,7.8,4.0,1,35.4
1532,24,Pune,India,2024,12,2,123,1,4.47,3.5,1,33.4
1533,10,Chennai,India,2024,11,4,307,0,10.99,,0,21.6
1534,15,Dubai,UAE,2025,4,2,177,0,4.83,,0,23.1
1535,20,London,UK,2024,9,7,282,0,9.54,2.5,2,15.9
1536,4,Chicago,USA,2025,2,9,767,2,23.0,4.12,4,33.9
1537,16,New York,USA,2025,1,9,634,1,20.86,3.88,4,28.5
1538,12,Mumbai,India,2024,11,6,426,1,14.24,3.5,5,28.3
1539,14,Ahmedabad,India,2025,2,3,281,0,7.43,3.5,2,22.8
1540,5,Manchester,UK,2025,2,2,188,0,6.08,4.0,1,23.9
1541,22,Chennai,India,2025,4,2,131,0,5.3,4.17,3,17.2
1542,3,Singapore,Singapore,2024,11,2,189,1,5.93,4.5,1,35.4
1543,11,Houston,USA,2025,1,3,259,0,9.06,3.5,1,21.6
1544,22,Ahmedabad,India,2025,2,2,177,1,7.13,3.5,1,37.9
1545,15,London,UK,2025,2,3,256,1,6.27,,0,32.7
1546,10,Los Angeles,USA,2024,8,3,288,0,8.74,4.0,1,26.2
1547,25,Toronto,Canada,2025,4,5,486,0,16.55,3.75,2,23.6
1548,25,Chicago,USA,2025,4,4,439,1,12.45,2.75,2,33.5
1549,25,London,UK,2024,12,3,301,0,10.35,4.5,1,23.5
1550,12,Melbourne,Australia,2024,11,2,144,0,4.06,,0,22.0
1551,10,Pune,India,2025,2,2,139,0,5.95,,0,18.9
1552,14,Los Angeles,USA,2024,8,5,507,0,13.43,4.0,1,25.4
1553,15,Melbourne,Australia,2025,3,9,791,1,25.61,4.4,5,29.1
1554,14,Kolkata,India,2025,4,2,187,0,6.62,3.75,2,22.4
1555,12,Los Angeles,USA,2025,2,7,540,2,17.94,3.5,4,34.1
1556,2,Hyderabad,India,2025,1,2,246,0,5.59,,0,28.8
1557,25,Hyderabad,India,2025,4,4,434,0,15.11,4.0,1,25.7
1558,12,Nairobi,Kenya,2024,10,2,151,0,4.61,4.5,1,23.0
1559,2,Chicago,USA,2024,8,3,286,0,10.81,,0,22.9
1560,5,Dubai,UAE,2024,10,3,296,1,10.54,3.33,3,35.5
1561,16,Ahmedabad,India,2025,4,3,203,1,6.13,4.0,3,31.9
1562,25,Delhi,India,2024,8,2,220,0,6.51,,0,25.2
1563,5,Sydney,Australia,2024,10,3,179,0,7.69,4.5,1,15.9
1564,17,London,UK,2025,2,2,133,0,3.9,3.75,2,24.3
1565,3,Pune,India,2024,11,2,221,0,5.67,3.5,1,23.7
1566,24,Houston,USA,2025,2,4,274,1,8.61,,0,28.7
1567,4,London,UK,2025,2,6,453,0,17.52,3.75,2,23.4
1568,25,Kolkata,India,2025,1,3,252,2,10.44,,0,39.9
1569,24,Singapore,Singapore,2025,3,6,454,1,15.56,3.38,4,29.0
1570,10,Bengaluru,India,2024,10,2,155,0,6.19,4.5,1,21.0
1571,23,Sydney,Australia,2025,2,2,190,0,4.82,,0,26.7
1572,5,Chicago,USA,2024,10,3,265,0,8.67,,0,22.9
1573,25,Pune,India,2024,12,5,469,1,16.87,,0,28.8
1574,12,Kolkata,India,2024,12,2,139,1,3.78,,0,36.2
1575,6,Dubai,UAE,2025,3,5,279,0,7.19,2.75,2,19.6
1576,16,London,UK,2024,12,3,199,0,7.28,,0,21.5
1577,18,Hyderabad,India,2025,3,3,289,0,9.01,,0,21.6
1578,10,Hyderabad,India,2025,2,3,297,0,7.49,4.0,1,27.0
1579,17,Bengaluru,India,2025,1,4,274,0,8.59,,0,25.8
1580,24,Delhi,India,2025,1,3,212,1,7.14,3.17,3,31.4
1581,10,Kolkata,India,2025,3,4,350,0,9.01,3.0,1,24.4
1582,2,Hyderabad,India,2025,3,6,605,1,21.04,4.67,3,30.3
1583,22,Singapore,Singapore,2025,3,2,191,0,6.97,5.0,1,24.7
1584,14,Bengaluru,India,2024,7,3,255,2,8.99,4.0,2,40.8
1585,5,Pune,India,2025,2,2,120,1,5.46,4.0,1,30.6
1586,22,New York,USA,2025,3,6,557,2,19.43,4.25,2,35.6
1587,22,Hyderabad,India,2024,12,2,188,0,5.83,3.25,2,24.3
1588,5,Hyderabad,India,2025,2,4,366,0,12.82,4.0,2,24.1
1589,17,Nairobi,Kenya,2025,2,2,112,0,3.86,,0,20.6
1590,2,Chennai,India,2024,8,2,160,0,6.5,,0,19.0
1591,3,Los Angeles,USA,2024,12,5,546,0,11.27,4.38,4,24.6
1592,10,Delhi,India,2024,10,3,256,1,7.88,3.0,1,33.5
1593,2,London,UK,2025,4,2,156,0,5.39,5.0,1,18.5
1594,12,Kolkata,India,2025,2,4,299,2,9.13,3.5,1,38.6
1595,24,Melbourne,Australia,2025,1,4,298,1,9.88,3.75,2,30.4
1596,16,Melbourne,Australia,2024,12,3,223,1,6.9,4.5,2,34.0
1597,12,Mumbai,India,2025,1,9,688,0,18.52,3.62,4,26.1
1598,16,Toronto,Canada,2025,1,5,359,1,11.26,4.17,3,30.0
1599,10,Chicago,USA,2025,1,2,152,0,5.53,3.25,2,20.6
1600,14,Melbourne,Australia,2024,10,3,274,1,10.41,,0,32.3
1601,5,London,UK,2025,2,4,371,0,13.23,,0,24.4
1602,16,Los Angeles,USA,2025,3,2,144,0,3.92,3.5,1,22.8
1603,25,Mumbai,India,2024,8,5,487,0,13.76,3.67,3,23.6
1604,6,Sydney,Australia,2025,4,7,349,1,10.76,3.12,4,22.8
1605,2,Los Angeles,USA,2025,2,4,381,1,14.88,4.5,1,30.7
1606,2,Chicago,USA,2025,1,2,173,1,5.59,4.0,1,35.5
1607,25,Manchester,UK,2024,9,2,169,0,5.23,3.5,1,19.6
1608,22,Ahmedabad,India,2024,11,5,451,0,12.57,4.5,2,24.6
1609,2,Bengaluru,India,2025,2,6,583,1,15.85,4.25,2,29.5
1610,18,Toronto,Canada,2024,11,3,321,0,7.78,4.0,2,23.8
1611,10,Melbourne,Australia,2025,2,2,209,0,4.57,,0,28.1
1612,25,Kolkata,India,2025,2,4,377,2,13.85,4.0,1,37.5
1613,18,Chicago,USA,2025,4,2,211,0,6.71,,0,23.1
1614,18,Hyderabad,India,2025,4,2,169,0,5.83,,0,18.7
1615,20,Toronto,Canada,2024,10,6,261,1,8.4,2.17,3,21.6
1616,11,Dubai,UAE,2025,3,7,632,0,20.73,4.0,2,24.1
1617,18,Chennai,India,2025,3,2,231,2,5.72,,0,55.2
1618,10,Hyderabad,India,2024,8,2,157,0,4.96,,0,21.3
1619,5,Dubai,UAE,2025,3,2,200,0,4.91,,0,25.4
1620,18,Ahmedabad,India,2024,10,3,325,0,6.76,3.5,1,24.1
1621,21,Chicago,USA,2025,3,4,490,1,9.77,,0,32.8
1622,14,Delhi,India,2024,10,2,230,0,5.41,,0,27.3
1623,2,Bengaluru,India,2024,11,3,241,2,10.11,4.0,2,39.5
1624,14,Hyderabad,India,2024,10,2,190,0,5.98,5.0,1,22.7
1625,6,New York,USA,2025,3,9,411,2,13.15,3.1,5,24.7
1626,10,Chicago,USA,2025,2,3,196,1,8.93,4.5,1,28.2
1627,10,Los Angeles,USA,2024,7,3,205,0,6.36,4.0,2,19.0
1628,25,Kolkata,India,2024,11,5,489,1,18.94,4.5,4,29.7
1629,14,Hyderabad,India,2025,1,2,174,0,6.72,3.0,1,20.9
1630,5,Chicago,USA,2024,11,2,190,0,6.92,,0,24.2
1631,16,Kolkata,India,2025,2,2,109,0,5.14,,0,17.5
1632,14,Dubai,UAE,2025,4,3,230,0,7.21,3.5,2,18.9
1633,2,Chennai,India,2024,10,3,261,0,8.36,4.0,1,21.0
1634,22,Melbourne,Australia,2025,1,2,183,0,6.45,,0,23.7
1635,2,New York,USA,2024,12,5,429,1,14.18,,0,27.5
1636,5,Singapore,Singapore,2025,4,2,208,1,4.99,4.0,1,41.4
1637,2,Kolkata,India,2024,10,4,429,0,13.47,4.5,2,26.0
1638,10,Kolkata,India,2024,8,3,269,0,8.46,3.25,2,24.6
1639,2,New York,USA,2025,2,4,360,1,13.95,3.75,2,29.6
1640,16,Delhi,India,2025,1,4,295,0,7.22,2.5,1,24.2
1641,20,Los Angeles,USA,2024,8,3,132,0,5.01,2.0,1,15.5
1642,5,Hyderabad,India,2025,3,5,374,1,13.12,4.0,1,26.4
1643,20,Sydney,Australia,2024,10,3,96,1,5.1,2.0,1,21.6
1644,10,Delhi,India,2024,12,3,270,0,7.64,4.0,1,24.7
1645,2,Los Angeles,USA,2025,3,3,335,0,7.94,4.5,2,26.6
1646,10,Toronto,Canada,2024,11,2,180,1,5.54,,0,39.3
1647,25,Chicago,USA,2024,10,2,248,0,6.92,,0,28.4
1648,18,Sydney,Australia,2025,2,2,197,0,5.32,,0,21.6
1649,11,Nairobi,Kenya,2025,2,3,272,0,10.16,4.5,2,22.6
1650,2,New York,USA,2024,11,2,173,0,5.99,,0,20.5
1651,14,Manchester,UK,2025,3,3,280,0,7.68,,0,22.7
1652,7,Sydney,Australia,2025,1,5,191,0,7.89,2.0,2,14.7
1653,5,Melbourne,Australia,2024,11,2,180,0,5.74,,0,22.9
1654,14,Hyderabad,India,2024,9,2,183,1,4.85,4.0,1,36.9
1655,12,Sydney,Australia,2025,4,3,235,0,6.09,3.5,1,24.2
1656,25,Bengaluru,India,2025,3,2,220,1,7.18,,0,40.2
1657,12,Pune,India,2025,4,2,151,0,4.47,,0,23.0
1658,22,Dubai,UAE,2025,2,2,155,0,5.02,4.0,1,20.2
1659,16,Hyderabad,India,2024,11,3,169,0,6.94,,0,18.4
1660,17,Houston,USA,2025,2,5,278,1,7.47,4.0,4,27.6
1661,5,Toronto,Canada,2024,10,2,149,0,4.87,,0,19.1
1662,12,Los Angeles,USA,2024,12,3,231,0,7.04,3.83,3,23.8
1663,3,Kolkata,India,2024,12,8,924,0,22.94,4.75,2,27.1
1664,25,Kolkata,India,2024,9,2,184,0,7.64,,0,21.2
1665,10,Singapore,Singapore,2024,9,2,187,0,6.07,3.0,1,25.2
1666,22,Sydney,Australia,2025,3,3,274,1,9.02,3.5,2,34.0
1667,23,Dubai,UAE,2025,2,2,187,0,5.8,,0,26.3
1668,18,Chennai,India,2024,12,3,316,2,8.09,4.5,1,43.5
1669,25,Los Angeles,USA,2024,9,4,460,3,13.47,4.17,3,49.7
1670,20,Pune,India,2024,8,2,121,1,3.54,2.0,1,35.5
1671,25,Sydney,Australia,2025,4,2,221,0,6.84,3.5,2,25.4
1672,5,Manchester,UK,2024,12,3,287,2,9.44,4.0,1,44.7
1673,14,Hyderabad,India,2025,4,2,164,1,5.99,3.0,1,34.7
1674,10,Chicago,USA,2024,11,3,236,0,9.32,4.0,2,21.7
1675,22,Manchester,UK,2025,2,4,347,0,14.38,4.5,1,23.3
1676,17,Delhi,India,2025,2,3,172,0,5.44,3.5,1,21.4
1677,24,Pune,India,2025,4,3,208,0,7.5,3.25,2,21.0
1678,5,London,UK,2024,12,3,278,0,8.68,,0,24.0
1679,25,Chicago,USA,2024,12,2,187,1,7.34,3.75,2,36.6
1680,25,Kolkata,India,2024,7,3,234,0,10.84,3.75,2,18.5
1681,12,Singapore,Singapore,2025,2,2,139,0,3.95,4.0,1,21.2
1682,20,Houston,USA,2024,10,2,73,1,3.4,2.5,2,27.7
1683,24,Kolkata,India,2025,3,8,504,2,20.06,4.0,3,28.7
1684,24,Toronto,Canada,2024,12,2,169,0,4.53,5.0,1,24.9
1685,8,Singapore,Singapore,2025,2,3,152,0,4.86,3.0,2,18.5
1686,16,Chicago,USA,2025,4,4,306,1,9.9,3.5,1,32.5
1687,14,Nairobi,Kenya,2024,8,3,267,0,9.57,3.25,2,21.7
1688,2,Sydney,Australia,2024,8,2,248,1,6.33,,0,44.0
1689,16,Ahmedabad,India,2025,3,3,204,1,5.43,3.5,1,32.0
1690,10,Melbourne,Australia,2025,3,2,176,1,4.72,3.0,1,38.8
1691,25,Singapore,Singapore,2024,11,2,225,0,5.3,,0,25.8
1692,22,New York,USA,2024,11,4,358,0,11.63,3.5,2,24.0
1693,12,Manchester,UK,2024,10,2,144,1,4.9,3.5,1,37.0
1694,12,Toronto,Canada,2024,12,3,209,1,5.92,3.5,1,31.7
1695,14,Chennai,India,2024,9,2,192,0,5.63,3.0,1,23.0
1696,6,Singapore,Singapore,2025,3,3,186,0,5.26,3.75,2,20.8
1697,5,Singapore,Singapore,2025,1,2,224,0,5.31,4.5,1,28.3
1698,18,Melbourne,Australia,2025,1,3,302,0,10.08,4.5,1,22.5
1699,16,Chennai,India,2024,12,2,145,0,4.12,,0,23.0
1700,16,Kolkata,India,2024,12,2,121,0,4.98,3.0,1,19.3
1701,22,Melbourne,Australia,2025,4,3,253,0,9.6,3.5,3,22.3
1702,2,Chicago,USA,2024,11,2,190,0,5.52,,0,22.4
1703,25,Bengaluru,India,2024,10,2,213,0,5.92,,0,24.5
1704,20,London,UK,2024,10,2,69,1,2.74,3.0,3,27.1
1705,14,Kolkata,India,2025,1,2,204,0,4.99,4.5,1,24.3
1706,22,Bengaluru,India,2025,1,3,277,0,7.84,3.25,2,24.3
1707,17,Los Angeles,USA,2025,4,3,207,0,6.29,4.25,2,25.6
1708,24,London,UK,2025,2,4,269,1,7.38,3.0,1,28.3
1709,3,Los Angeles,USA,2025,4,6,662,0,13.6,4.5,2,25.2
1710,18,Los Angeles,USA,2025,1,8,906,0,22.74,3.67,3,27.1
1711,10,Mumbai,India,2025,3,5,384,2,11.83,3.25,2,34.0
1712,25,Los Angeles,USA,2025,2,3,302,1,9.81,,0,33.6
1713,14,London,UK,2025,2,3,255,0,10.14,,0,20.8
1714,17,Dubai,UAE,2025,2,3,189,1,6.35,4.33,3,33.4
1715,3,Pune,India,2025,3,3,301,1,9.47,4.0,1,32.0
1716,2,Kolkata,India,2025,2,3,292,1,8.21,,0,33.3
1717,5,Melbourne,Australia,2025,1,2,180,0,6.25,4.5,1,22.9
1718,18,Chennai,India,2025,2,4,446,1,11.61,4.5,1,32.7
1719,12,Pune,India,2025,3,2,121,0,3.8,3.0,1,18.6
1720,10,Melbourne,Australia,2024,11,2,170,0,5.12,5.0,1,23.0
1721,14,Bengaluru,India,2024,10,2,148,0,5.6,3.0,1,17.9
1722,25,Chicago,USA,2025,1,2,192,0,6.55,,0,22.1
1723,24,Sydney,Australia,2025,1,5,396,1,9.39,4.5,1,30.6
1724,10,London,UK,2025,1,2,203,0,4.91,,0,27.3
1725,5,Melbourne,Australia,2024,12,3,220,0,10.16,4.0,1,19.2
1726,14,Delhi,India,2025,2,2,157,0,4.96,4.0,1,18.9
1727,2,Ahmedabad,India,2024,11,4,430,0,11.37,4.33,3,26.0
1728,18,Singapore,Singapore,2024,11,2,198,0,5.86,,0,21.7
1729,2,Mumbai,India,2024,11,3,286,1,11.52,3.0,1,32.9
1730,16,Mumbai,India,2025,1,4,313,0,8.93,4.0,1,25.6
1731,16,Manchester,UK,2025,3,2,130,1,4.37,3.25,2,35.7
1732,14,Chicago,USA,2024,11,2,193,0,5.16,,0,23.1
1733,24,Melbourne,Australia,2025,4,3,246,0,5.99,4.5,1,24.6
1734,7,Pune,India,2025,2,2,89,0,3.16,2.75,4,15.6
1735,12,Toronto,Canada,2024,11,3,238,1,7.53,,0,34.5
1736,18,Nairobi,Kenya,2024,12,2,241,0,4.69,4.5,1,26.3
1737,5,Pune,India,2025,4,3,292,1,10.17,2.5,1,35.1
1738,16,Ahmedabad,India,2025,1,3,238,0,5.76,,0,25.5
1739,20,Pune,India,2024,10,4,188,0,5.6,2.5,2,16.9
1740,14,Manchester,UK,2024,9,2,191,0,5.29,,0,22.8
1741,2,Los Angeles,USA,2025,1,5,519,0,15.78,4.0,3,25.6
1742,2,Melbourne,Australia,2024,12,3,249,0,9.11,3.5,2,20.1
1743,16,London,UK,2025,3,3,214,0,5.57,3.75,2,23.0
1744,2,Mumbai,India,2024,8,3,298,0,8.34,4.25,2,23.8
1745,20,Manchester,UK,2024,8,3,136,0,5.13,,0,16.0
1746,16,Kolkata,India,2024,11,2,132,0,5.02,,0,21.0
1747,5,Chennai,India,2025,4,3,311,0,7.55,4.0,2,26.7
1748,22,Chicago,USA,2025,4,3,284,0,9.46,3.0,2,24.9
1749,7,Melbourne,Australia,2024,12,2,75,0,3.02,,0,13.3
1750,7,Singapore,Singapore,2025,1,3,140,0,4.21,2.5,1,16.8
1751,17,Melbourne,Australia,2025,4,2,124,1,4.04,4.0,1,37.7
1752,5,Houston,USA,2024,9,2,183,0,5.29,,0,23.3
1753,14,Manchester,UK,2024,7,2,215,0,5.5,,0,25.6
1754,10,Kolkata,India,2025,1,4,334,0,11.42,,0,23.4
1755,25,Chicago,USA,2025,2,2,157,0,5.75,,0,18.2
1756,17,Melbourne,Australia,2025,2,5,296,1,8.72,4.5,3,28.9
1757,25,Pune,India,2024,9,3,274,0,9.3,,0,21.5
1758,25,Singapore,Singapore,2025,1,2,185,1,5.66,4.25,2,36.4
1759,14,Kolkata,India,2024,9,4,325,0,14.2,4.5,1,20.4
1760,16,Dubai,UAE,2025,3,2,154,1,4.54,3.5,1,39.4
1761,2,Toronto,Canada,2025,1,3,245,1,9.12,4.0,1,29.8
1762,2,Los Angeles,USA,2024,9,2,182,0,7.64,4.75,2,21.5
1763,14,New York,USA,2024,10,5,469,1,15.69,3.0,1,29.6
1764,25,London,UK,2024,10,2,224,0,5.74,,0,25.7
1765,3,Chicago,USA,2024,12,3,344,2,7.74,4.75,2,44.9
1766,25,London,UK,2024,11,2,169,1,7.59,4.0,1,34.6
1767,25,Melbourne,Australia,2024,8,2,222,1,6.45,,0,40.5
1768,18,Manchester,UK,2025,3,2,194,0,6.08,3.0,1,21.3
1769,25,Singapore,Singapore,2024,10,3,330,0,9.95,,0,25.6
1770,17,Hyderabad,India,2025,1,3,163,2,4.46,4.5,1,40.4
1771,20,Hyderabad,India,2024,10,4,198,0,5.39,1.5,1,17.7
1772,12,Kolkata,India,2025,3,3,227,2,6.25,4.5,1,43.5
1773,3,Manchester,UK,2025,2,2,152,0,6.34,,0,16.5
1774,22,Chicago,USA,2024,12,3,255,0,10.38,4.0,1,22.4
1775,14,Nairobi,Kenya,2025,2,2,246,0,6.16,3.5,1,29.2
1776,3,Sydney,Australia,2025,2,2,213,0,5.13,3.5,1,22.8
1777,2,Singapore,Singapore,2024,8,3,267,0,7.91,3.75,2,21.4
1778,11,Nairobi,Kenya,2025,1,2,158,0,5.79,5.0,1,19.5
1779,14,Toronto,Canada,2024,8,2,170,0,6.24,,0,20.4
1780,25,Pune,India,2024,7,3,278,0,9.5,4.0,1,21.8
1781,25,Manchester,UK,2024,8,2,142,1,5.34,3.0,2,31.6
1782,2,Chicago,USA,2024,9,3,278,0,10.23,3.5,1,22.3
1783,24,New York,USA,2025,1,2,152,0,4.89,4.0,2,22.5
1784,25,New York,USA,2024,11,4,329,0,12.99,3.67,3,19.9
1785,7,Nairobi,Kenya,2025,1,2,59,0,3.17,3.0,1,10.6
1786,17,Delhi,India,2025,1,2,117,0,2.88,4.0,2,21.4
1787,4,Nairobi,Kenya,2025,3,2,177,1,4.27,3.5,2,40.4
1788,24,Mumbai,India,2025,4,2,139,1,4.89,4.5,1,35.7
1789,18,London,UK,2024,10,2,226,0,5.58,4.0,1,24.7
1790,18,Kolkata,India,2024,11,3,261,0,6.87,4.0,2,19.6
1791,14,Houston,USA,2025,4,2,145,0,5.52,3.5,1,17.5
1792,10,Bengaluru,India,2025,2,3,287,1,6.38,,0,36.2
1793,14,Houston,USA,2024,7,3,313,0,10.12,4.0,1,25.3
1794,12,London,UK,2024,12,2,117,0,4.59,,0,18.0
1795,8,Manchester,UK,2025,2,4,174,0,5.81,3.0,1,16.4
1796,14,Delhi,India,2024,9,2,196,0,6.73,4.25,2,23.4
1797,12,Houston,USA,2024,12,2,154,0,4.16,,0,23.4
1798,12,Kolkata,India,2025,1,4,322,0,10.07,,0,25.3
1799,5,Singapore,Singapore,2025,2,2,195,0,5.71,3.5,1,24.8
1800,12,Houston,USA,2024,10,2,176,0,3.73,4.5,1,26.7
1801,10,Houston,USA,2024,12,2,153,0,4.72,,0,20.8
1802,25,Delhi,India,2025,3,3,290,1,10.3,3.0,1,32.7
1803,3,Manchester,UK,2025,4,3,322,0,10.06,3.5,1,23.4
1804,14,Delhi,India,2024,11,2,163,0,5.02,4.5,1,19.6
1805,5,Toronto,Canada,2025,3,2,198,0,5.69,4.5,2,25.1
1806,14,Kolkata,India,2024,8,2,209,0,5.88,3.25,2,24.9
1807,3,Toronto,Canada,2025,3,3,360,1,7.91,4.5,2,36.0
1808,25,Ahmedabad,India,2025,1,2,203,1,6.54,2.5,1,38.4
1809,7,Nairobi,Kenya,2024,12,2,116,0,2.49,3.25,2,20.1
1810,2,Toronto,Canada,2024,10,2,206,0,6.38,4.25,2,24.2
1811,14,Houston,USA,2024,6,2,167,1,6.33,3.5,1,35.1
1812,18,Ahmedabad,India,2025,1,2,208,1,5.26,,0,37.8
1813,25,Delhi,India,2024,11,3,295,1,7.99,4.5,1,33.1
1814,12,Singapore,Singapore,2025,1,4,260,0,8.86,3.0,1,20.7
1815,7,Hyderabad,India,2025,2,2,77,0,2.48,,0,13.6
1816,14,Chennai,India,2025,2,2,226,1,5.4,,0,41.9
1817,22,Nairobi,Kenya,2024,11,2,190,0,6.73,,0,24.6
1818,3,Kolkata,India,2025,2,3,284,0,8.16,4.75,2,20.8
1819,10,Kolkata,India,2025,4,2,193,1,5.24,4.0,2,41.0
1820,5,Chicago,USA,2025,3,2,179,0,6.84,3.5,1,22.8
1821,22,Toronto,Canada,2025,4,3,220,1,10.18,,0,29.5
1822,14,Sydney,Australia,2024,6,2,199,0,6.97,4.0,1,23.8
1823,3,Singapore,Singapore,2025,4,2,161,0,4.89,,0,17.5
1824,2,Houston,USA,2025,3,3,260,1,8.92,5.0,2,30.9
1825,16,Pune,India,2025,1,2,171,0,4.66,,0,27.0
1826,25,Toronto,Canada,2024,12,2,228,0,6.35,,0,26.1
1827,5,Pune,India,2025,1,2,182,0,6.87,3.0,1,23.2
1828,25,Manchester,UK,2024,12,3,255,1,11.44,4.0,2,30.1
1829,18,Ahmedabad,India,2025,4,2,215,0,5.94,4.0,1,23.5
1830,14,Nairobi,Kenya,2024,6,2,226,0,6.68,,0,26.9
1831,2,Dubai,UAE,2024,10,2,191,0,6.23,3.75,2,22.5
1832,4,Nairobi,Kenya,2025,4,3,232,1,6.87,4.0,1,32.7
1833,5,Chicago,USA,2025,1,4,380,2,13.77,,0,40.0
1834,5,Singapore,Singapore,2024,12,2,170,0,4.99,,0,21.7
1835,14,Los Angeles,USA,2024,11,2,123,0,7.03,4.0,2,15.0
1836,25,Hyderabad,India,2024,10,2,236,1,5.13,,0,42.0
1837,24,Sydney,Australia,2025,3,2,163,0,4.35,,0,24.1
1838,24,Dubai,UAE,2025,1,3,219,1,6.74,3.75,2,32.1
1839,14,Kolkata,India,2024,12,2,191,0,5.24,4.5,1,22.8
1840,5,Bengaluru,India,2025,4,3,278,0,7.21,2.5,3,24.0
1841,23,Melbourne,Australia,2025,2,6,430,0,16.93,3.83,3,21.9
1842,7,London,UK,2025,2,2,82,0,2.77,,0,14.5
1843,25,New York,USA,2025,4,2,227,0,6.96,,0,26.0
1844,18,Singapore,Singapore,2024,10,2,202,0,4.7,3.5,1,22.1
1845,14,Singapore,Singapore,2024,12,2,220,1,6.69,4.5,2,41.2
1846,5,Bengaluru,India,2024,9,2,137,0,6.68,,0,17.6
1847,24,Melbourne,Australia,2025,3,2,130,0,3.86,4.0,1,19.4
1848,7,Dubai,UAE,2025,1,3,178,0,4.73,2.5,1,21.0
1849,5,Dubai,UAE,2024,11,2,155,1,5.15,4.5,1,34.9
1850,25,Houston,USA,2024,8,2,165,0,6.91,,0,19.1
1851,14,Pune,India,2024,8,2,151,0,5.85,,0,18.2
1852,3,Nairobi,Kenya,2025,1,2,186,0,5.17,4.25,2,20.0
1853,16,Sydney,Australia,2025,3,2,137,0,4.2,,0,21.8
1854,12,London,UK,2025,2,2,170,0,4.87,3.5,1,25.8
1855,24,Dubai,UAE,2024,12,2,137,0,4.34,3.0,1,20.4
